yr,spawners,recruits,Stock,lnrs,run_group,seal,pink,pink_hatchery,pink_wild,SeaLions,PDO,Production,Pink,Chum_hatchery,Sockeye_hatchery,Coho_hatchery,Chinook_hatchery,smolt.sst,NPGO,adult.sst
1948,122424,208791,Birkenhead,0.5338433223424924,late,-0.5521329908251326,NA,NA,NA,0.10567326888915396,-1.2945299391379828,-0.7681728292955605,NA,NA,NA,NA,NA,-1.6587256339385494,-1.3560189950400205,-1.517519770168949
1949,74085,264114,Birkenhead,1.2711677454607968,late,-0.5406371924870921,NA,NA,NA,0.08159736285630759,-1.1392879894385632,-0.7681728292955605,NA,NA,NA,NA,NA,-1.0057753367344635,-0.38225333586682037,-0.20621422282844457
1950,72567,229574,Birkenhead,1.1517151445760083,late,-0.5432907836517826,-1.0277360953001518,NA,-1.0277360953001518,0.05752145682346147,-1.1455815819939452,-0.7681728292955605,NA,NA,NA,NA,NA,-1.4189416264907213,-0.933727422060455,-0.7844155997665643
1951,42063,185558,Birkenhead,1.4841990072334001,late,-0.5673705613803303,-1.0392810768079217,NA,-1.0392810768079217,0.0334455507906151,-0.3651761051265939,-0.7681728292955605,NA,NA,NA,NA,NA,-0.6442548331977358,0.9492126396789108,-0.0386964759974767
1952,77386,229776,Birkenhead,1.0882990356360513,late,-0.5858049875474535,-0.985636432899045,0,-0.985636432899045,0.009440041879748283,-0.5057330055301221,-0.7681728292955605,NA,NA,NA,NA,NA,-1.1127558939034945,0.9480467325199391,-0.5735626740973826
1953,55823,147938,Birkenhead,0.9746072962324288,late,-0.6425219822764203,-0.8926380575557539,0,-0.8926380575557539,-0.15113639819805155,0.07747323793526406,-0.7681728292955605,NA,NA,NA,NA,NA,-1.411563657030787,0.13564262414842812,-1.0948881489638218
1954,40453,163033,Birkenhead,1.3938118279124951,late,-0.6876255082335332,-0.9354212914074671,0,-0.9354212914074671,-0.3117128369074288,-2.26374319266679,-0.7681728292955605,NA,NA,NA,NA,NA,-1.5812569546092508,-0.045772529787575185,-0.15136629784277972
1955,24450,245283,Birkenhead,2.305782430047591,late,-0.716260234310674,-1.1961246436143982,0,-1.196199370067259,-0.472218878768511,-1.239985470324673,-0.7681728292955605,NA,NA,NA,NA,NA,-0.9098617337553302,-1.1706397567635132,1.0716142550755587
1956,57899,258609,Birkenhead,1.496617155243743,late,-0.7707994084454703,-1.0260506536535519,0,-1.0262020879424933,-0.6327953180252572,1.2375921323106547,-0.7681728292955605,158.4,75.2,NA,NA,NA,0.7612483489195353,-0.30040665330700395,1.3886441149095168
1957,24168,72776,Birkenhead,1.1023567864353898,late,-0.8215196993863103,-1.243129100484013,0.00557832,-1.243324894528639,-0.7933717572820035,0.8767594924687612,-0.7681728292955605,321,121.8,NA,NA,NA,-0.16099783357211353,-0.22112496649692545,0.4284685927223063
1958,33055,108147,Birkenhead,1.185318571977746,late,-0.86080459589152,-1.1977173625276618,0.01130455,-1.1977173625276618,-0.8095631562320711,1.0466864914640714,-0.7681728292955605,364.6,19.6,NA,NA,NA,-0.35282503953037503,0.801608793353088,-0.22960770887802334
1959,38604,241817,Birkenhead,1.834825343702497,late,-0.8899557878158436,-1.0277382308698424,0.014615997,-1.028241040853888,-0.8257545551821387,0.7592790981016329,-0.7681728292955605,NA,NA,NA,NA,NA,0.3001252576737109,1.3206706605273082,0.3587326036631307
1960,39848,143534,Birkenhead,1.2814997251622235,late,-0.9011386605126738,-0.4009039383276107,0,-0.4009039383276107,-0.8420163515278702,-0.9609695337027437,-0.7681728292955605,958.6,35.9,NA,NA,NA,-0.5999870164381376,0.030477798409176853,-0.12940564783714087
1961,49627,107924,Birkenhead,0.7768922352426032,late,-0.9079886163461494,-0.6880108307824199,0.037534697,-0.6903822333010645,-0.8582077504779378,0.1865621755618831,-0.7681728292955605,NA,NA,NA,NA,NA,0.263235410374047,-0.3283884251223258,0.3893655949734609
1962,52146,81149,Birkenhead,0.4422394943423919,late,-1.0128337324578498,-0.5845676716929467,0,-0.5845676716929467,-0.8743991494280055,0.27257460715210197,-0.7681728292955605,1055.2,28.6,-1.6357889915180734,NA,NA,-0.5040734134590041,0.6003732177145651,-0.6826794429438852
1963,67151,360553,Birkenhead,1.6806951490583018,late,-1.2364423369085078,-1.0032398329857315,0.177024893,-1.0053978020452676,-0.8906609457737371,-0.3190230930537935,-0.7681728292955605,NA,NA,-1.5857313113848763,NA,NA,-0.6147429553580036,-0.6417842694539304,-1.4384123463468488
1964,69939,326659,Birkenhead,1.541293379770018,late,-1.3159955051734982,-0.578362537386547,0,-0.578362537386547,-0.9068523447238047,0.027124497492209115,-0.7681728292955605,1055.4,99.7,-1.125492252296161,NA,NA,-0.7180345277970687,-0.6793264799728206,-0.6552020377074885
1965,30008,134569,Birkenhead,1.5006130658694903,late,-1.372343328577999,-1.4555175057983287,0.161092115,-1.4574377487911836,-0.9230437436738723,-0.14699822987335584,-0.7681728292955605,NA,NA,-0.8453757922304185,NA,NA,-0.264289406011176,-0.6280265649780639,0.5764036258827916
1966,81134,260252,Birkenhead,1.1655482836054694,late,-1.3515245799878357,-0.3513518547881198,0,-0.3513518547881198,-0.9393055400196038,0.09006042304602774,-0.7681728292955605,1310.8,1025.9,-1.298507146737114,NA,NA,-0.14255290992227898,-0.4524409468369194,0.5552790372152273
1967,58036,438151,Birkenhead,2.0215000921692217,late,-1.3352716886735605,-1.0470256407185208,0.14334589,-1.052941986042868,-0.9554969389696714,-0.39664406790350315,-0.7681728292955605,NA,227,-1.4546336490942944,NA,NA,-0.6258099095479038,-1.0682731082057941,-0.7083679948955908
1968,83750,263994,Birkenhead,1.1480902049101447,late,-1.3032893282161904,-0.8400375060194842,0,-0.8400375060194842,-0.9334556687727138,1.3613661192331648,-0.7681728292955605,390,480.9,0.46396059115647137,NA,NA,-0.7512353903667667,0.1207190125135898,-0.7433288388387732
1969,64527,717897,Birkenhead,2.4092423638563067,late,-1.2668634991404335,-1.0412363916635416,0.441654415,-1.047688666252601,-0.9105914296176851,-0.9777524471837621,-0.7681728292955605,NA,2703,-1.1688067255182115,NA,NA,-1.2566262983721919,0.1298130883535694,-2.1040698710131736
1970,72760,619801,Birkenhead,2.14223210512611,late,-1.2257800099930785,-1.063386182915959,0,-1.063386182915959,-0.8955263903666627,-1.4980227650953297,-0.7681728292955605,332.7,3249.4,-1.3591352593256223,NA,NA,-1.3931187333809552,-0.3134648134874875,-1.2563255514734288
1971,32672,306780,Birkenhead,2.239612436337708,late,-1.2335116599525848,-1.28016271013201,0.48166146,-1.2892479751027703,-0.8803224550103932,-0.10294308198568279,-0.7681728292955605,NA,1563.03,-0.6664074358318764,NA,NA,-1.0758660466038281,-0.24910673831224725,-1.214056942570731
1972,113097,476499,Birkenhead,1.4382197668848316,late,-1.1865559415751636,-1.2073871990446894,0,-1.2073871990446894,-0.8647068851959931,-0.8917400155935432,-0.7681728292955605,655.8,2642.13,0.46596532834627175,NA,165.83,-1.0832440160637598,-0.17705367588779347,-0.5928032146851038
1973,139295,172407,Birkenhead,0.21326397426648602,late,-1.137730035428525,-1.139852724805969,0.678213849,-1.1507405266036277,-0.8492175649375396,-0.05469220572775516,-0.7681728292955605,NA,13479.29,0.6254330593531193,NA,NA,-1.4890323363600857,0.7864520002864553,-1.7542740630945783
1974,173463,672486,Birkenhead,1.355016973255067,late,-1.0845145708461514,-0.6922277953870182,0,-0.6922402551541765,-0.8522270555863847,-1.07215633551449,-0.7681728292955605,1129.7,6426.54,0.03792356351798675,NA,NA,-1.3931187333809552,1.244420332330556,-1.274011454741449
1975,92928,111258,Birkenhead,0.1800268288110247,late,-1.023722511599447,-0.8753810800410187,0.812772992,-0.888695232611001,-0.8553598881672596,1.5543696242648752,-0.7681728292955605,NA,7313.1500000000005,1.666802905036693,NA,NA,-0.8065701613162677,1.5393948435504072,0.23931879949167853
1976,108121,590298,Birkenhead,1.697376523785075,late,-0.9538250427343234,-0.15258252970093936,9.30121e-4,-0.15728443741321754,-0.8573138585131588,0.7320068636949781,-0.7681728292955605,1538.2,7171.98,-0.36502861163188755,NA,NA,0.4513736316023427,0.9902525716747163,-0.48674304682117353
1977,43139,416053,Birkenhead,2.2663851956429633,late,-0.8839275738691998,-0.3334807506857395,0.993899762,-0.3644130402736091,-0.8593707967604911,-0.285457266091757,-0.7681728292955605,NA,7256.24,0.9321578493925758,NA,NA,-0.8065701613162677,-0.5072385833085913,0.3501444325098262
1978,99857,623981,Birkenhead,1.8323807566255983,late,-0.7953647030619272,-0.20095192933398026,0.350996726,-0.23497483782920997,-0.8615144823143305,0.7152239502139598,-0.7681728292955605,1224.9,3661.65,0.0545082075426989,NA,16.32,-0.020816413833381973,-1.1659761281276264,-0.39278284471422165
1979,78088,402070,Birkenhead,1.6387898069408349,late,-0.6996402413810295,-0.11501939669354855,2.309091401,-0.17849357009657565,-0.8300582148953369,1.2921366011239643,-0.7681728292955605,NA,3509.29,1.6605456950200435,8.9,12.96,0.08616414333564898,-0.4615350226768989,0.8986538062796064
1980,90922,153041,Birkenhead,0.5207038632473431,late,-0.6019874764638267,-0.3111547225560138,2.539805717,-0.411953910668659,-0.7972753816958658,0.45928451962843064,-0.7681728292955605,1029.8,5731.63,-0.2274307408774076,82.17999999999999,34.11,-0.20526565033171174,-0.19967227477184535,-1.3338118445393503
1981,65495,261609,Birkenhead,1.3848772188113636,late,-0.5261110141268617,0.08475850750953755,4.738338745,-0.02907038579269715,-0.7632814436296569,0.8746616282836339,-0.7681728292955605,NA,5461.660000000001,1.762605042864426,117.32,126.13,1.0526781425868987,0.3711558702607203,0.91876510083095
1982,128771,1768109,Birkenhead,2.619630259841424,late,-0.4292518641676974,0.1670719755810049,7.52464633,0.04486930883398732,-0.7276359471259796,1.8103090548504046,-0.7681728292955605,1835.4,12507.16,0.23505605384835643,276.46,596.71,0.6210669291808064,0.12678172974024285,0.5102867615373122
1983,48841,792842,Birkenhead,2.787053834350309,late,-0.3184651027867885,0.7891503024468391,8.497312129,0.5857976981190268,-0.6905778979676457,0.7424961846206146,-0.7681728292955605,NA,22174.149999999998,1.2109378179984516,518.51,2062.9300000000003,-0.020816413833381973,0.24687016711433243,-1.1465248190195916
1984,42849,464443,Birkenhead,2.3831565305812985,late,-0.18722822400556066,0.40506206281564566,9.122413205,0.24660672080018975,-0.6538249727940986,1.1285031946840358,-0.7532628618976906,2120.52,26542.03,-0.5384080037437134,1310.78,2915.4,-0.2458444823613441,-0.9439874050594065,-0.7718412497837398
1985,37612,233616,Birkenhead,1.8263555933443776,late,-0.046497688851932846,-0.20735903492281324,15.18024551,-0.5528427761713861,-0.6156195696002487,1.9256915850324055,-0.7078782305967896,NA,27781.22,-0.3650650613989747,3795.7599999999998,1607.46,0.8424060129788026,0.3732545031468694,-0.6073455232831187
1986,348294,1187948,Birkenhead,1.2269357772261165,late,0.0873359213927342,-0.18137388723145492,11.82867065,-0.3579086766454907,-0.5761741002479737,0.9585761956887253,-0.5697899097861789,1723.52,34939.87,0.12940275896916822,3594.9900000000002,1263.73,0.6653347459404045,0.9044418047743957,-0.3739708042603379
1987,168841,994227,Birkenhead,1.7730081071415171,late,0.22091069145535694,0.6338510382604087,25.79031645,0.2731606638549736,-0.5348157364849999,-0.5497881534177953,-0.4119704345149142,NA,29971.14,-0.2579956930684459,3616.16,1616.29,0.22265657834441469,0.9270604036584476,0.02805971903615465
1988,177327,898208,Birkenhead,1.6224061815662165,late,0.36169830858915214,0.4345553599466107,13.17829904,-0.05983161681099602,-0.491960756100348,-0.4805586353085948,-0.362955032709941,1857.11,25524.960000000003,-0.2605666166403353,3229.8500000000004,2957.03,0.7833822572993357,0.18321163623447526,0.43545239766574567
1989,46703,1111494,Birkenhead,3.169651932838764,late,0.4965118858955183,1.1587743039168599,26.92548964,0.6521692992024452,-0.4401902125751239,-1.3826402349133289,-0.03978669743355723,NA,28211.5,-0.5292287373989003,3464.32,2035.8,0.3554600286232119,-0.7164023276281221,-0.14588719318351395
1990,170262,228434,Birkenhead,0.29390890122209634,late,0.6241638729570539,-0.08251099585694494,36.90592358,-0.2719189248833969,-0.3854824019564126,0.4676759763689398,-0.17620843506197084,3847.4,26982.07,0.96106190719667,3233.13,2706.44,1.4695334170731222,-0.1588655242078343,0.2951939226037243
1991,316469,122141,Birkenhead,-0.9520491754121683,late,0.755160857139653,0.758461593992771,37.81799782,0.4592861772572254,-0.32300508305241754,0.6564837530303957,-0.00612766923597089,NA,27831.460000000003,1.1587083392429707,3934.3,4199.320000000001,1.2592612874650262,-1.9242821443228484,0.9565373759303536
1992,218533,95660,Birkenhead,-0.8261367946279335,late,0.886157841322252,0.5545046711318877,14.13927726,0.005956650370639317,-0.2572517113843572,0.9984356152061438,-0.06189868501163561,4749.88,25416.940000000002,0.857055534293709,3806.4300000000003,4073.36,0.8497839824387343,-1.719315665775616,0.4404879574144207
1993,250425,567164,Birkenhead,0.8174890290302054,late,0.995263243482533,1.3256573819626185,22.33340593,0.9710802653473921,-0.18824792434590742,-0.6337027208228869,0.04607209686355735,NA,22435.53,1.0923642956790587,4337.42,5912.14,0.9604535243377338,-1.1228375632456717,0.012726443451345652
1994,39445,66385,Birkenhead,0.5205638308008125,late,1.090441034849864,0.927093875349991,40.94903857,0.5704137999517881,-0.12893142937667734,1.021512121242544,0.06005949142842524,2106.4500000000003,25623.01,-0.2930597615102905,3922.9500000000003,4603.92,1.336729966794325,-0.5382517137372397,0.34977408767449514
1995,43010,170039,Birkenhead,1.3745951757084678,late,1.1859818117740926,0.2447451957929584,26.46913575,-0.2211567856550677,-0.05858827660829853,0.6250157902534864,0.32334987380158736,317.40999999999997,24383.1,1.3236696576459894,4121.33,5060.41,1.3736198140939915,-1.0281659019371663,1.529459062687718
1996,64123,78208,Birkenhead,0.19856883018835214,late,1.2676393739530658,0.6510523126641572,26.6261213,0.15854061445412246,0.014455769768085656,1.6445777842253488,0.48950226498383714,981.99,24835.34,-0.5564731158082874,3678.94,1992.73,1.2998401194946585,0.9091054334102827,0.41225118817953266
1997,50872,30582,Birkenhead,-0.5089010733791469,late,1.3309252712185444,1.8154127471784849,34.77952241,1.0874900727183459,0.09321123766549969,-0.7490852510048877,0.7138957863010794,NA,18787.45,1.5703841586490674,3983.8,6255.21,-0.7401684361768666,1.5032517216222832,-1.4442842947991894
1998,296249,619044,Birkenhead,0.7369760356330982,late,1.3853645990476486,0.15541765121720919,36.76593431,-0.38756099883547074,0.1747900004493911,-1.4120103335051108,0.6930634965236167,1022.16,20582.04,0.45519745965257125,4491.07,6104.44,-0.23108854344147803,1.6433937621306869,0.04854780839684496
1999,49586,83528,Birkenhead,0.5214733691637484,late,1.4325910798055799,1.2192622028673572,54.33933313,0.5746372553915249,0.2723291170610118,0.11103906489730068,1.2585113619118928,NA,14553.88,-1.032898908964345,4156.84,6606.860000000001,-0.30855722277077685,2.4924073552939108,-0.16216105709842651
2000,13842,101313,Birkenhead,1.9905072862892148,late,1.4133671120122921,0.6425855638399186,40.53328563,0.2266145118685242,0.38009658490642595,-0.8518805960761249,1.740630068190318,2939.4900000000002,8046.72,-0.13267349637284354,4706.68,4629.41,-0.1978876808717774,1.929507378942353,0.32324149952097164
2001,44727,191618,Birkenhead,1.454926460730016,late,1.394143144219004,1.4798645518175015,48.12116863,0.6729854238342687,0.49207738016552616,1.646675648410476,1.1825330250520891,NA,10810.640000000001,1.2404639518275022,4855.78,3745.72,0.5731101276912397,1.727105896144858,0.6887291844771556
2002,189500,632885,Birkenhead,1.2058997065513115,late,1.3543347252184246,0.7698970378685563,31.05218501,0.36201461484044634,0.6110299605030238,-0.048398613172373234,0.8912976139631591,4324.2,10834.58,1.1385917127875012,4785.07,5121.14,0.565732158231308,0.43271576825442837,1.3019071852412383
2003,310530,13258,Birkenhead,-3.1536793712445688,late,1.3298374564389737,2.145824688458584,60.23342207,1.215590527356215,0.6725736358662384,0.03971168260297286,1.1228336346326744,NA,11289.27,0.08835181628323778,4511.35,5241.37,1.0563671273168644,-1.3126472487262717,2.064182065609511
2004,37673,77318,Birkenhead,0.718983129973936,late,1.2997839297005322,-0.14289605738805372,30.44836984,-0.5065882895283237,0.734182147082796,-0.06308366246826427,1.3285971368060714,1347.47,10710.57,0.44185623740250884,3646.24,3982.72,0.36283799808314365,-0.8273966891622321,0.1213843297386308
2005,54444,93804,Birkenhead,0.5440348485563665,late,1.2697304023332958,1.286358462947755,69.44185929,0.41562064515233116,0.8469451038492416,-0.46587358601270373,1.35978605064433,NA,11721.31,1.2160140555614731,4067.17,5687.23,-0.26060042128121014,-0.19897273047646227,-0.5871516501547972
2006,266539,443530,Birkenhead,0.5092448688424067,late,1.2289016212438093,-0.07210836824573383,27.1495779,-0.6696204539747842,0.954383593370581,-1.057471286218599,1.4441270638290864,2868.05,7991.51,0.13992580672726587,3203.2799999999997,3009.57,-1.2123584816125912,0.9802257701075592,-1.0901500429874793
2007,93527,240579,Birkenhead,0.9447983532737195,late,1.188072840154323,0.7683784712611401,65.00046501,0.3701949063678679,1.1221770918210272,-1.4770441232440568,1.315770398385948,NA,14500.359999999999,-1.5316398570273535,2769.27,2857.42,-0.2901122991209423,0.5530373870603122,0.01563512890347435
2008,19861,88628,Birkenhead,1.495689824956375,late,1.1380550820059434,0.37520716693093153,44.60419958,-0.6258414753228656,1.3014081890122802,0.04180954678810015,1.3839515067861867,2942.8500000000004,12884.98,0.44309674447571246,3018.08,3457.61,0.08247515860568312,1.6298692390866145,-0.4699485074923377
2009,54156,130273,Birkenhead,0.8777634779048641,late,1.0880373244863586,1.0940074410576386,29.72435139,0.6584570462446842,1.4920768822074948,-1.3931295558389651,1.7403622244646078,NA,15208.710000000001,0.9843083536527012,3173.94,3141.94,-0.6922116346873024,0.6206600022806733,-0.15252602734077372
2010,128465,37878,Birkenhead,-1.2212860250804651,late,1.038019566337979,-0.16792067561174587,74.72815116,-0.5455560146648467,1.6180269849119016,-1.8252895779751865,1.6338794632878049,5858.38,8304.43,0.691456952462781,3280.2599999999998,3413.2,-0.8434600086159316,0.6446776897554913,-1.3454239279135205
2011,228817,91054,Birkenhead,-0.9214698203305978,late,1.0417608946260988,3.149096120648266,32.51378041,1.914773080811693,1.747614779936623,-0.9357951634812163,1.4879046327757262,NA,9980.59,-1.5426598366100743,3285.1,2299.55,0.9715204785276313,1.0168352548992718,0.5282779389941813
2012,56506,26330,Birkenhead,-0.7636378536961858,late,1.0186212507600807,0.4050756113991662,28.19042902,-0.2540728214943093,1.8830083382595215,-0.2749679451661205,0.9066242271565782,5324.360000000001,12591.67,0.5168595306341217,2971.96,1965.8899999999999,0.6358228681006725,-0.5219290135116352,2.0411370150315977
2013,80121,42162,Birkenhead,-0.6420186505596941,late,0.9954816068940625,2.23499005458738,92.14205459,1.1418261431484285,2.0227744002581725,1.9047129431811327,2.0248420215828467,NA,15543,-0.5763856235680681,2562,2298.7599999999998,2.26266513401594,-0.7663031540321126,2.0202518942337706
2014,35763,11622,Birkenhead,-1.1240139857510605,late,0.9570308128069157,-0.47567613540750514,49.20534487,-0.8180954890066834,2.05979762799273,1.1683626142014543,1.967047297657371,8341,12008.44,-1.543248500348534,2441.15,2202.57,2.5504059429533346,0.23707654697896982,2.176572346258332
2015,45049,1641,Birkenhead,-3.312444974141755,late,0.9185800187197688,1.2523911714280642,81.604544,0.4545893787299925,2.0976853387894123,0.6543858888452685,1.8259234146220442,NA,10783.27,-1.6820801957189182,2396.11,2201.82,1.9417234625088469,-0.6940169101758645,0.7906513280629321
2016,36441,10731,Birkenhead,-1.2225577654412532,late,0.8801292246326219,-0.6096348413637508,NA,-0.9167532306605438,2.0976853387894123,0.09635401560140967,1.8755637851203413,1516.4,10610.6,-0.20944885578101644,1830,2151,1.4658444323431563,-1.9210176042777272,0.9666259024712036
2017,18636,140455,Birkenhead,2.019791958819643,late,0.8424958636168289,0.9442861477286991,NA,0.2276765726581958,2.0976853387894123,-0.1826619210205197,1.9279718741176441,NA,9382,-0.7804952068150611,1786.46,2228.9700000000003,1.6281597604616858,-1.4649147236879814,2.4269986314085066
2018,15051,178112,Birkenhead,2.4709681317332,late,NA,NA,NA,NA,2.0976853387894123,-0.7616724361156514,NA,526,13274,NA,1760,2249,NA,-1.908192625529038,NA
2019,3058,131000,Birkenhead,3.757436215694281,late,NA,NA,NA,NA,2.0976853387894123,NA,NA,NA,9875,NA,1931,2396,NA,NA,NA
1948,25218,80266,Bowron,1.157788093833189,early,-0.5521329908251326,NA,NA,NA,0.13826321035326256,-1.2945299391379828,-0.7681728292955605,NA,NA,NA,NA,NA,-1.6587256339385494,-1.3560189950400205,-1.517519770168949
1949,22330,62746,Bowron,1.0331637651081065,early,-0.5406371924870921,NA,NA,NA,0.11326008687108312,-1.1392879894385632,-0.7681728292955605,NA,NA,NA,NA,NA,-1.0057753367344635,-0.38225333586682037,-0.20621422282844457
1950,16266,74998,Bowron,1.5283844067694983,early,-0.5432907836517826,-1.0277360953001518,NA,-1.0277360953001518,0.08825696196778028,-1.1455815819939452,-0.7681728292955605,NA,NA,NA,NA,NA,-1.4189416264907213,-0.933727422060455,-0.7844155997665643
1951,22234,103443,Bowron,1.5373980875518052,early,-0.5673705613803303,-1.0392810768079217,NA,-1.0392810768079217,0.06325383848560084,-0.3651761051265939,-0.7681728292955605,NA,NA,NA,NA,NA,-0.6442548331977358,0.9492126396789108,-0.0386964759974767
1952,18811,43296,Bowron,0.833618446877494,early,-0.5858049875474535,-0.985636432899045,0,-0.985636432899045,0.038323823277363146,-0.5057330055301221,-0.7681728292955605,NA,NA,NA,NA,NA,-1.1127558939034945,0.9480467325199391,-0.5735626740973826
1953,13533,75576,Bowron,1.7200076253724645,early,-0.6425219822764203,-0.8926380575557539,0,-0.8926380575557539,-0.12843677629889771,0.07747323793526406,-0.7681728292955605,NA,NA,NA,NA,NA,-1.411563657030787,0.13564262414842812,-1.0948881489638218
1954,10774,66264,Bowron,1.816510939037621,early,-0.6876255082335332,-0.9354212914074671,0,-0.9354212914074671,-0.2951973767278327,-2.26374319266679,-0.7681728292955605,NA,NA,NA,NA,NA,-1.5812569546092508,-0.045772529787575185,-0.15136629784277972
1955,9355,96912,Bowron,2.3378923905125384,early,-0.716260234310674,-1.1961246436143982,0,-1.196199370067259,-0.46188486831437675,-1.239985470324673,-0.7681728292955605,NA,NA,NA,NA,NA,-0.9098617337553302,-1.1706397567635132,1.0716142550755587
1956,6996,38484,Bowron,1.7049040133426625,early,-0.7707994084454703,-1.0260506536535519,0,-1.0262020879424933,-0.6286454684590871,1.2375921323106547,-0.7681728292955605,158.4,75.2,NA,NA,NA,0.7612483489195353,-0.30040665330700395,1.3886441149095168
1957,12069,41966,Bowron,1.2462195849967423,early,-0.8215196993863103,-1.243129100484013,0.00557832,-1.243324894528639,-0.7954060686037974,0.8767594924687612,-0.7681728292955605,321,121.8,NA,NA,NA,-0.16099783357211353,-0.22112496649692545,0.4284685927223063
1958,14891,18112,Bowron,0.19581769841270438,early,-0.86080459589152,-1.1977173625276618,0.01130455,-1.1977173625276618,-0.8122210348503619,1.0466864914640714,-0.7681728292955605,364.6,19.6,NA,NA,NA,-0.35282503953037503,0.801608793353088,-0.22960770887802334
1959,29247,61854,Bowron,0.7489997650270586,early,-0.8899557878158436,-1.0277382308698424,0.014615997,-1.028241040853888,-0.8290360010969264,0.7592790981016329,-0.7681728292955605,NA,NA,NA,NA,NA,0.3001252576737109,1.3206706605273082,0.3587326036631307
1960,7663,17729,Bowron,0.8387981649279762,early,-0.9011386605126738,-0.4009039383276107,0,-0.4009039383276107,-0.8459240759016573,-0.9609695337027437,-0.7681728292955605,958.6,35.9,NA,NA,NA,-0.5999870164381376,0.030477798409176853,-0.12940564783714087
1961,7471,28148,Bowron,1.3264474451106383,early,-0.9079886163461494,-0.6880108307824199,0.037534697,-0.6903822333010645,-0.8627390421482218,0.1865621755618831,-0.7681728292955605,NA,NA,NA,NA,NA,0.263235410374047,-0.3283884251223258,0.3893655949734609
1962,6292,21321,Bowron,1.2204135173168364,early,-1.0128337324578498,-0.5845676716929467,0,-0.5845676716929467,-0.8795540083947864,0.27257460715210197,-0.7681728292955605,1055.2,28.6,-1.6357889915180734,NA,NA,-0.5040734134590041,0.6003732177145651,-0.6826794429438852
1963,25144,214288,Bowron,2.1427016051495,early,-1.2364423369085078,-1.0032398329857315,0.177024893,-1.0053978020452676,-0.8964420831995172,-0.3190230930537935,-0.7681728292955605,NA,NA,-1.5857313113848763,NA,NA,-0.6147429553580036,-0.6417842694539304,-1.4384123463468488
1964,1500,27507,Bowron,2.908975409627709,early,-1.3159955051734982,-0.578362537386547,0,-0.578362537386547,-0.9132570494460818,0.027124497492209115,-0.7681728292955605,1055.4,99.7,-1.125492252296161,NA,NA,-0.7180345277970687,-0.6793264799728206,-0.6552020377074885
1965,2660,17799,Bowron,1.9008161531510082,early,-1.372343328577999,-1.4555175057983287,0.161092115,-1.4574377487911836,-0.9300720156926463,-0.14699822987335584,-0.7681728292955605,NA,NA,-0.8453757922304185,NA,NA,-0.264289406011176,-0.6280265649780639,0.5764036258827916
1966,2480,22249,Bowron,2.19403850360513,early,-1.3515245799878357,-0.3513518547881198,0,-0.3513518547881198,-0.9469600904973771,0.09006042304602774,-0.7681728292955605,1310.8,1025.9,-1.298507146737114,NA,NA,-0.14255290992227898,-0.4524409468369194,0.5552790372152273
1967,31695,206370,Bowron,1.8735117344699028,early,-1.3352716886735605,-1.0470256407185208,0.14334589,-1.052941986042868,-0.9637750567439416,-0.39664406790350315,-0.7681728292955605,NA,227,-1.4546336490942944,NA,NA,-0.6258099095479038,-1.0682731082057941,-0.7083679948955908
1968,3634,44642,Bowron,2.508341149962841,early,-1.3032893282161904,-0.8400375060194842,0,-0.8400375060194842,-0.940894898399456,1.3613661192331648,-0.7681728292955605,390,480.9,0.46396059115647137,NA,NA,-0.7512353903667667,0.1207190125135898,-0.7433288388387732
1969,3872,17211,Bowron,1.491777544873513,early,-1.2668634991404335,-1.0412363916635416,0.441654415,-1.047688666252601,-0.917162051783302,-0.9777524471837621,-0.7681728292955605,NA,2703,-1.1688067255182115,NA,NA,-1.2566262983721919,0.1298130883535694,-2.1040698710131736
1970,1341,15826,Bowron,2.46823855288746,early,-1.2257800099930785,-1.063386182915959,0,-1.063386182915959,-0.9015296029146654,-1.4980227650953297,-0.7681728292955605,332.7,3249.4,-1.3591352593256223,NA,NA,-1.3931187333809552,-0.3134648134874875,-1.2563255514734288
1971,25497,124507,Bowron,1.5858011410392012,early,-1.2335116599525848,-1.28016271013201,0.48166146,-1.2892479751027703,-0.8857550266387149,-0.10294308198568279,-0.7681728292955605,NA,1563.03,-0.6664074358318764,NA,NA,-1.0758660466038281,-0.24910673831224725,-1.214056942570731
1972,4138,16971,Bowron,1.4112934257057772,early,-1.1865559415751636,-1.2073871990446894,0,-1.2073871990446894,-0.8695541050900313,-0.8917400155935432,-0.7681728292955605,655.8,2642.13,0.46596532834627175,NA,165.83,-1.0832440160637598,-0.17705367588779347,-0.5928032146851038
1973,4700,10662,Bowron,0.8191235096845564,early,-1.137730035428525,-1.139852724805969,0.678213849,-1.1507405266036277,-0.8534952180071893,-0.05469220572775516,-0.7681728292955605,NA,13479.29,0.6254330593531193,NA,NA,-1.4890323363600857,0.7864520002864553,-1.7542740630945783
1974,1850,17431,Bowron,2.243064591142495,early,-1.0845145708461514,-0.6922277953870182,0,-0.6922402551541765,-0.8566216818880477,-1.07215633551449,-0.7681728292955605,1129.7,6426.54,0.03792356351798675,NA,NA,-1.3931187333809552,1.244420332330556,-1.274011454741449
1975,29700,122658,Bowron,1.418252949022272,early,-1.023722511599447,-0.8753810800410187,0.812772992,-0.888695232611001,-0.859890158917896,1.5543696242648752,-0.7681728292955605,NA,7313.1500000000005,1.666802905036693,NA,NA,-0.8065701613162677,1.5393948435504072,0.23931879949167853
1976,2250,7112,Bowron,1.1508532819952748,early,-0.9538250427343234,-0.15258252970093936,9.30121e-4,-0.15728443741321754,-0.8625379203543514,0.7320068636949781,-0.7681728292955605,1538.2,7171.98,-0.36502861163188755,NA,NA,0.4513736316023427,0.9902525716747163,-0.48674304682117353
1977,2500,15396,Bowron,1.8178170035473447,early,-0.8839275738691998,-0.3334807506857395,0.993899762,-0.3644130402736091,-0.8653803781171826,-0.285457266091757,-0.7681728292955605,NA,7256.24,0.9321578493925758,NA,NA,-0.8065701613162677,-0.5072385833085913,0.3501444325098262
1978,3150,40627,Bowron,2.557030417369796,early,-0.7953647030619272,-0.20095192933398026,0.350996726,-0.23497483782920997,-0.8684090793642035,0.7152239502139598,-0.7681728292955605,1224.9,3661.65,0.0545082075426989,NA,16.32,-0.020816413833381973,-1.1659761281276264,-0.39278284471422165
1979,35000,29984,Bowron,-0.154684155433402,early,-0.6996402413810295,-0.11501939669354855,2.309091401,-0.17849357009657565,-0.8366521776092972,1.2921366011239643,-0.7681728292955605,NA,3509.29,1.6605456950200435,8.9,12.96,0.08616414333564898,-0.4615350226768989,0.8986538062796064
1980,2894,45170,Bowron,2.7477935214572207,early,-0.6019874764638267,-0.3111547225560138,2.539805717,-0.411953910668659,-0.8036369173821577,0.45928451962843064,-0.7681728292955605,1029.8,5731.63,-0.2274307408774076,82.17999999999999,34.11,-0.20526565033171174,-0.19967227477184535,-1.3338118445393503
1981,1170,16532,Bowron,2.648294147839821,early,-0.5261110141268617,0.08475850750953755,4.738338745,-0.02907038579269715,-0.7694941425121448,0.8746616282836339,-0.7681728292955605,NA,5461.660000000001,1.762605042864426,117.32,126.13,1.0526781425868987,0.3711558702607203,0.91876510083095
1982,1647,5277,Bowron,1.1644023032280275,early,-0.4292518641676974,0.1670719755810049,7.52464633,0.04486930883398732,-0.7337818635734266,1.8103090548504046,-0.7681728292955605,1835.4,12507.16,0.23505605384835643,276.46,596.71,0.6210669291808064,0.12678172974024285,0.5102867615373122
1983,6451,38539,Bowron,1.7874355580315033,early,-0.3184651027867885,0.7891503024468391,8.497312129,0.5857976981190268,-0.6967661485534836,0.7424961846206146,-0.7681728292955605,NA,22174.149999999998,1.2109378179984516,518.51,2062.9300000000003,-0.020816413833381973,0.24687016711433243,-1.1465248190195916
1984,10461,50591,Bowron,1.5761196384991838,early,-0.18722822400556066,0.40506206281564566,9.122413205,0.24660672080018975,-0.6602625256993638,1.1285031946840358,-0.7532628618976906,2120.52,26542.03,-0.5384080037437134,1310.78,2915.4,-0.2458444823613441,-0.9439874050594065,-0.7718412497837398
1985,6395,19177,Bowron,1.0981952092605727,early,-0.046497688851932846,-0.20735903492281324,15.18024551,-0.5528427761713861,-0.6224341851563696,1.9256915850324055,-0.7078782305967896,NA,27781.22,-0.3650650613989747,3795.7599999999998,1607.46,0.8424060129788026,0.3732545031468694,-0.6073455232831187
1986,3131,21198,Bowron,1.9125543952607946,early,0.0873359213927342,-0.18137388723145492,11.82867065,-0.3579086766454907,-0.5835334192519741,0.9585761956887253,-0.5697899097861789,1723.52,34939.87,0.12940275896916822,3594.9900000000002,1263.73,0.6653347459404045,0.9044418047743957,-0.3739708042603379
1987,11079,22460,Bowron,0.7066845247717612,early,0.22091069145535694,0.6338510382604087,25.79031645,0.2731606638549736,-0.5428553055711597,-0.5497881534177953,-0.4119704345149142,NA,29971.14,-0.2579956930684459,3616.16,1616.29,0.22265657834441469,0.9270604036584476,0.02805971903615465
1988,12780,13050,Bowron,0.020906684819313643,early,0.36169830858915214,0.4345553599466107,13.17829904,-0.05983161681099602,-0.5009000444609656,-0.4805586353085948,-0.362955032709941,1857.11,25524.960000000003,-0.2605666166403353,3229.8500000000004,2957.03,0.7833822572993357,0.18321163623447526,0.43545239766574567
1989,2534,12842,Bowron,1.6229219674729094,early,0.4965118858955183,1.1587743039168599,26.92548964,0.6521692992024452,-0.44997792053467894,-1.3826402349133289,-0.03978669743355723,NA,28211.5,-0.5292287373989003,3464.32,2035.8,0.3554600286232119,-0.7164023276281221,-0.14588719318351395
1990,7992,31130,Bowron,1.3597309431072644,early,0.6241638729570539,-0.08251099585694494,36.90592358,-0.2719189248833969,-0.3963193395898333,0.4676759763689398,-0.17620843506197084,3847.4,26982.07,0.96106190719667,3233.13,2706.44,1.4695334170731222,-0.1588655242078343,0.2951939226037243
1991,4919,48693,Bowron,2.2924300247778406,early,0.755160857139653,0.758461593992771,37.81799782,0.4592861772572254,-0.3349278328633635,0.6564837530303957,-0.00612766923597089,NA,27831.460000000003,1.1587083392429707,3934.3,4199.320000000001,1.2592612874650262,-1.9242821443228484,0.9565373759303536
1992,2560,12869,Bowron,1.6148140600200567,early,0.886157841322252,0.5545046711318877,14.13927726,0.005956650370639317,-0.2704812145898618,0.9984356152061438,-0.06189868501163561,4749.88,25416.940000000002,0.857055534293709,3806.4300000000003,4073.36,0.8497839824387343,-1.719315665775616,0.4404879574144207
1993,1184,20467,Bowron,2.8499152965354986,early,0.995263243482533,1.3256573819626185,22.33340593,0.9710802653473921,-0.2029926365561487,-0.6337027208228869,0.04607209686355735,NA,22435.53,1.0923642956790587,4337.42,5912.14,0.9604535243377338,-1.1228375632456717,0.012726443451345652
1994,4415,10849,Bowron,0.8990650757843903,early,1.090441034849864,0.927093875349991,40.94903857,0.5704137999517881,-0.13930215173328472,1.021512121242544,0.06005949142842524,2106.4500000000003,25623.01,-0.2930597615102905,3922.9500000000003,4603.92,1.336729966794325,-0.5382517137372397,0.34977408767449514
1995,34431,27351,Bowron,-0.23020423009576563,early,1.1859818117740926,0.2447451957929584,26.46913575,-0.2211567856550677,-0.06427208830842318,0.6250157902534864,0.32334987380158736,317.40999999999997,24383.1,1.3236696576459894,4121.33,5060.41,1.3736198140939915,-1.0281659019371663,1.529459062687718
1996,8176,26776,Bowron,1.1863029304476769,early,1.2676393739530658,0.6510523126641572,26.6261213,0.15854061445412246,0.013439967579387048,1.6445777842253488,0.48950226498383714,981.99,24835.34,-0.5564731158082874,3678.94,1992.73,1.2998401194946585,0.9091054334102827,0.41225118817953266
1997,4811,5024,Bowron,0.04332146644858083,early,1.3309252712185444,1.8154127471784849,34.77952241,1.0874900727183459,0.09696049174844101,-0.7490852510048877,0.7138957863010794,NA,18787.45,1.5703841586490674,3983.8,6255.21,-0.7401684361768666,1.5032517216222832,-1.4442842947991894
1998,4777,17001,Bowron,1.269459431447767,early,1.3853645990476486,0.15541765121720919,36.76593431,-0.38756099883547074,0.1833683422420601,-1.4120103335051108,0.6930634965236167,1022.16,20582.04,0.45519745965257125,4491.07,6104.44,-0.23108854344147803,1.6433937621306869,0.04854780839684496
1999,8238,19734,Bowron,0.873585440421086,early,1.4325910798055799,1.2192622028673572,54.33933313,0.5746372553915249,0.28588189972484285,0.11103906489730068,1.2585113619118928,NA,14553.88,-1.032898908964345,4156.84,6606.860000000001,-0.30855722277077685,2.4924073552939108,-0.16216105709842651
2000,13440,25283,Bowron,0.6318968980288966,early,1.4133671120122921,0.6425855638399186,40.53328563,0.2266145118685242,0.3965593977893624,-0.8518805960761249,1.740630068190318,2939.4900000000002,8046.72,-0.13267349637284354,4706.68,4629.41,-0.1978876808717774,1.929507378942353,0.32324149952097164
2001,5842,6825,Bowron,0.15551913710547427,early,1.394143144219004,1.4798645518175015,48.12116863,0.6729854238342687,0.5115566165424594,1.646675648410476,1.1825330250520891,NA,10810.640000000001,1.2404639518275022,4855.78,3745.72,0.5731101276912397,1.727105896144858,0.6887291844771556
2002,8770,7674,Bowron,-0.133498814559331,early,1.3543347252184246,0.7698970378685563,31.05218501,0.36201461484044634,0.6337270752033264,-0.048398613172373234,0.8912976139631591,4324.2,10834.58,1.1385917127875012,4785.07,5121.14,0.565732158231308,0.43271576825442837,1.3019071852412383
2003,6752,3822,Bowron,-0.5690649114755747,early,1.3298374564389737,2.145824688458584,60.23342207,1.215590527356215,0.696244159581429,0.03971168260297286,1.1228336346326744,NA,11289.27,0.08835181628323778,4511.35,5241.37,1.0563671273168644,-1.3126472487262717,2.064182065609511
2004,916,6071,Bowron,1.8912622504563037,early,1.2997839297005322,-0.14289605738805372,30.44836984,-0.5065882895283237,0.7587950539071513,-0.06308366246826427,1.3285971368060714,1347.47,10710.57,0.44185623740250884,3646.24,3982.72,0.36283799808314365,-0.8273966891622321,0.1213843297386308
2005,1730,2369,Bowron,0.31434651666696084,early,1.2697304023332958,1.286358462947755,69.44185929,0.41562064515233116,0.8657098818256511,-0.46587358601270373,1.35978605064433,NA,11721.31,1.2160140555614731,4067.17,5687.23,-0.26060042128121014,-0.19897273047646227,-0.5871516501547972
2006,1554,16359,Bowron,2.3539459526665785,early,1.2289016212438093,-0.07210836824573383,27.1495779,-0.6696204539747842,0.9712631669100674,-1.057471286218599,1.4441270638290864,2868.05,7991.51,0.13992580672726587,3203.2799999999997,3009.57,-1.2123584816125912,0.9802257701075592,-1.0901500429874793
2007,2173,8366,Bowron,1.348067171745714,early,1.188072840154323,0.7683784712611401,65.00046501,0.3701949063678679,1.1387136750164895,-1.4770441232440568,1.315770398385948,NA,14500.359999999999,-1.5316398570273535,2769.27,2857.42,-0.2901122991209423,0.5530373870603122,0.01563512890347435
2008,1005,768,Bowron,-0.26895308734550394,early,1.1380550820059434,0.37520716693093153,44.60419958,-0.6258414753228656,1.317081284608051,0.04180954678810015,1.3839515067861867,2942.8500000000004,12884.98,0.44309674447571246,3018.08,3457.61,0.08247515860568312,1.6298692390866145,-0.4699485074923377
2009,1814,5851,Bowron,1.1710782351131541,early,1.0880373244863586,1.0940074410576386,29.72435139,0.6584570462446842,1.506365997105876,-1.3931295558389651,1.7403622244646078,NA,15208.710000000001,0.9843083536527012,3173.94,3141.94,-0.6922116346873024,0.6206600022806733,-0.15252602734077372
2010,8439,24835,Bowron,1.0793901303834843,early,1.038019566337979,-0.16792067561174587,74.72815116,-0.5455560146648467,1.6272328450294486,-1.8252895779751865,1.6338794632878049,5858.38,8304.43,0.691456952462781,3280.2599999999998,3413.2,-0.8434600086159316,0.6446776897554913,-1.3454239279135205
2011,4101,5321,Bowron,0.26043040920431004,early,1.0417608946260988,3.149096120648266,32.51378041,1.914773080811693,1.7507041872917402,-0.9357951634812163,1.4879046327757262,NA,9980.59,-1.5426598366100743,3285.1,2299.55,0.9715204785276313,1.0168352548992718,0.5282779389941813
2012,59,280,Bowron,1.5572521592635302,early,1.0186212507600807,0.4050756113991662,28.19042902,-0.2540728214943093,1.878618147576063,-0.2749679451661205,0.9066242271565782,5324.360000000001,12591.67,0.5168595306341217,2971.96,1965.8899999999999,0.6358228681006725,-0.5219290135116352,2.0411370150315977
2013,3280,444,Bowron,-1.9997741389459647,early,0.9954816068940625,2.23499005458738,92.14205459,1.1418261431484285,2.0095197910796174,1.9047129431811327,2.0248420215828467,NA,15543,-0.5763856235680681,2562,2298.7599999999998,2.26266513401594,-0.7663031540321126,2.0202518942337706
2014,12064,19783,Bowron,0.4945971717803547,early,0.9570308128069157,-0.47567613540750514,49.20534487,-0.8180954890066834,2.0401469153368064,1.1683626142014543,1.967047297657371,8341,12008.44,-1.543248500348534,2441.15,2202.57,2.5504059429533346,0.23707654697896982,2.176572346258332
2015,3868,210,Bowron,-2.913385325855716,early,0.9185800187197688,1.2523911714280642,81.604544,0.4545893787299925,2.071224846948623,0.6543858888452685,1.8259234146220442,NA,10783.27,-1.6820801957189182,2396.11,2201.82,1.9417234625088469,-0.6940169101758645,0.7906513280629321
2016,143,1016,Bowron,1.96078399787852,early,0.8801292246326219,-0.6096348413637508,NA,-0.9167532306605438,2.071224846948623,0.09635401560140967,1.8755637851203413,1516.4,10610.6,-0.20944885578101644,1830,2151,1.4658444323431563,-1.9210176042777272,0.9666259024712036
2017,244,5343,Bowron,3.0863743466645697,early,0.8424958636168289,0.9442861477286991,NA,0.2276765726581958,2.071224846948623,-0.1826619210205197,1.9279718741176441,NA,9382,-0.7804952068150611,1786.46,2228.9700000000003,1.6281597604616858,-1.4649147236879814,2.4269986314085066
2018,8406,6504,Bowron,-0.2565283643374155,early,NA,NA,NA,NA,2.071224846948623,-0.7616724361156514,NA,526,13274,NA,1760,2249,NA,-1.908192625529038,NA
2019,20,1782,Bowron,4.489759334476764,early,NA,NA,NA,NA,2.071224846948623,NA,NA,NA,9875,NA,1931,2396,NA,NA,NA
1948,671025,1915973,Chilko,1.0491744724717078,summer,-0.5521329908251326,NA,NA,NA,0.12305986409464494,-1.2945299391379828,-0.7681728292955605,NA,NA,NA,NA,NA,-1.6587256339385494,-1.3560189950400205,-1.517519770168949
1949,58310,619406,Chilko,2.3629873490517923,summer,-0.5406371924870921,NA,NA,NA,0.09848904790357828,-1.1392879894385632,-0.7681728292955605,NA,NA,NA,NA,NA,-1.0057753367344635,-0.38225333586682037,-0.20621422282844457
1950,26447,204386,Chilko,2.044867632511598,summer,-0.5432907836517826,-1.0277360953001518,NA,-1.0277360953001518,0.0739182317125116,-1.1455815819939452,-0.7681728292955605,NA,NA,NA,NA,NA,-1.4189416264907213,-0.933727422060455,-0.7844155997665643
1951,118110,748402,Chilko,1.8463238731403258,summer,-0.5673705613803303,-1.0392810768079217,NA,-1.0392810768079217,0.04934741412489294,-0.3651761051265939,-0.7681728292955605,NA,NA,NA,NA,NA,-0.6442548331977358,0.9492126396789108,-0.0386964759974767
1952,490065,1839744,Chilko,1.3228436751204544,summer,-0.5858049875474535,-0.985636432899045,0,-0.985636432899045,0.02484844215610309,-0.5057330055301221,-0.7681728292955605,NA,NA,NA,NA,NA,-1.1127558939034945,0.9480467325199391,-0.5735626740973826
1953,201245,618284,Chilko,1.1224248275543665,summer,-0.6425219822764203,-0.8926380575557539,0,-0.8926380575557539,-0.139028844736503,0.07747323793526406,-0.7681728292955605,NA,NA,NA,NA,NA,-1.411563657030787,0.13564262414842812,-1.0948881489638218
1954,37743,700515,Chilko,2.9210157507869283,summer,-0.6876255082335332,-0.9354212914074671,0,-0.9354212914074671,-0.3029061321877301,-2.26374319266679,-0.7681728292955605,NA,NA,NA,NA,NA,-1.5812569546092508,-0.045772529787575185,-0.15136629784277972
1955,132146,1480857,Chilko,2.4164688812670416,summer,-0.716260234310674,-1.1961246436143982,0,-1.196199370067259,-0.4667115751373699,-1.239985470324673,-0.7681728292955605,NA,NA,NA,NA,NA,-0.9098617337553302,-1.1706397567635132,1.0716142550755587
1956,647768,2421765,Chilko,1.3187192846006077,summer,-0.7707994084454703,-1.0260506536535519,0,-1.0262020879424933,-0.6305888625885969,1.2375921323106547,-0.7681728292955605,158.4,75.2,NA,NA,NA,0.7612483489195353,-0.30040665330700395,1.3886441149095168
1957,140765,138152,Chilko,-0.01873730499510233,summer,-0.8215196993863103,-1.243129100484013,0.00557832,-1.243324894528639,-0.7944661500398237,0.8767594924687612,-0.7681728292955605,321,121.8,NA,NA,NA,-0.16099783357211353,-0.22112496649692545,0.4284685927223063
1958,137081,429316,Chilko,1.141621252520371,summer,-0.86080459589152,-1.1977173625276618,0.01130455,-1.1977173625276618,-0.8109903833100309,1.0466864914640714,-0.7681728292955605,364.6,19.6,NA,NA,NA,-0.35282503953037503,0.801608793353088,-0.22960770887802334
1959,471162,2188791,Chilko,1.5359026316535818,summer,-0.8899557878158436,-1.0277382308698424,0.014615997,-1.028241040853888,-0.8275146165802381,0.7592790981016329,-0.7681728292955605,NA,NA,NA,NA,NA,0.3001252576737109,1.3206706605273082,0.3587326036631307
1960,426607,1047863,Chilko,0.898644916428361,summer,-0.9011386605126738,-0.4009039383276107,0,-0.4009039383276107,-0.8441106943520325,-0.9609695337027437,-0.7681728292955605,958.6,35.9,NA,NA,NA,-0.5999870164381376,0.030477798409176853,-0.12940564783714087
1961,40315,69197,Chilko,0.5402339009457312,summer,-0.9079886163461494,-0.6880108307824199,0.037534697,-0.6903822333010645,-0.8606349276222396,0.1865621755618831,-0.7681728292955605,NA,NA,NA,NA,NA,0.263235410374047,-0.3283884251223258,0.3893655949734609
1962,92467,974905,Chilko,2.3554882062444342,summer,-1.0128337324578498,-0.5845676716929467,0,-0.5845676716929467,-0.8771591608924467,0.27257460715210197,-0.7681728292955605,1055.2,28.6,-1.6357889915180734,NA,NA,-0.5040734134590041,0.6003732177145651,-0.6826794429438852
1963,1002252,1168724,Chilko,0.1536630873354186,summer,-1.2364423369085078,-1.0032398329857315,0.177024893,-1.0053978020452676,-0.893755238664241,-0.3190230930537935,-0.7681728292955605,NA,NA,-1.5857313113848763,NA,NA,-0.6147429553580036,-0.6417842694539304,-1.4384123463468488
1964,238601,2032830,Chilko,2.1423914890964904,summer,-1.3159955051734982,-0.578362537386547,0,-0.578362537386547,-0.9102794719344481,0.027124497492209115,-0.7681728292955605,1055.4,99.7,-1.125492252296161,NA,NA,-0.7180345277970687,-0.6793264799728206,-0.6552020377074885
1965,39902,157157,Chilko,1.370818857728522,summer,-1.372343328577999,-1.4555175057983287,0.161092115,-1.4574377487911836,-0.9268037052046553,-0.14699822987335584,-0.7681728292955605,NA,NA,-0.8453757922304185,NA,NA,-0.264289406011176,-0.6280265649780639,0.5764036258827916
1966,226702,862744,Chilko,1.3364816277413976,summer,-1.3515245799878357,-0.3513518547881198,0,-0.3513518547881198,-0.9433997829764497,0.09006042304602774,-0.7681728292955605,1310.8,1025.9,-1.298507146737114,NA,NA,-0.14255290992227898,-0.4524409468369194,0.5552790372152273
1967,176337,1975976,Chilko,2.416420795560216,summer,-1.3352716886735605,-1.0470256407185208,0.14334589,-1.052941986042868,-0.9599240162466568,-0.39664406790350315,-0.7681728292955605,NA,227,-1.4546336490942944,NA,NA,-0.6258099095479038,-1.0682731082057941,-0.7083679948955908
1968,414446,2429117,Chilko,1.7683404071666866,summer,-1.3032893282161904,-0.8400375060194842,0,-0.8400375060194842,-0.9374392999194162,1.3613661192331648,-0.7681728292955605,390,480.9,0.46396059115647137,NA,NA,-0.7512353903667667,0.1207190125135898,-0.7433288388387732
1969,76518,398233,Chilko,1.6495112538516834,summer,-1.2668634991404335,-1.0412363916635416,0.441654415,-1.047688666252601,-0.9141166068507157,-0.9777524471837621,-0.7681728292955605,NA,2703,-1.1688067255182115,NA,NA,-1.2566262983721919,0.1298130883535694,-2.1040698710131736
1970,145049,677681,Chilko,1.541605059375694,summer,-1.2257800099930785,-1.063386182915959,0,-1.063386182915959,-0.8987542413206164,-1.4980227650953297,-0.7681728292955605,332.7,3249.4,-1.3591352593256223,NA,NA,-1.3931187333809552,-0.3134648134874875,-1.2563255514734288
1971,186589,794056,Chilko,1.4482456506765595,summer,-1.2335116599525848,-1.28016271013201,0.48166146,-1.2892479751027703,-0.8832521718485408,-0.10294308198568279,-0.7681728292955605,NA,1563.03,-0.6664074358318764,NA,NA,-1.0758660466038281,-0.24910673831224725,-1.214056942570731
1972,564465,2066865,Chilko,1.2979098656063515,summer,-1.1865559415751636,-1.2073871990446894,0,-1.2073871990446894,-0.8673311106540103,-0.8917400155935432,-0.7681728292955605,655.8,2642.13,0.46596532834627175,NA,165.83,-1.0832440160637598,-0.17705367588779347,-0.5928032146851038
1973,61707,239462,Chilko,1.3559973637152989,summer,-1.137730035428525,-1.139852724805969,0.678213849,-1.1507405266036277,-0.8515494539807023,-0.05469220572775516,-0.7681728292955605,NA,13479.29,0.6254330593531193,NA,NA,-1.4890323363600857,0.7864520002864553,-1.7542740630945783
1974,142595,685980,Chilko,1.5708400285300679,summer,-1.0845145708461514,-0.6922277953870182,0,-0.6922402551541765,-0.8546218438522216,-1.07215633551449,-0.7681728292955605,1129.7,6426.54,0.03792356351798675,NA,NA,-1.3931187333809552,1.244420332330556,-1.274011454741449
1975,275698,1490815,Chilko,1.6877721655247573,summer,-1.023722511599447,-0.8753810800410187,0.812772992,-0.888695232611001,-0.8578335693949487,1.5543696242648752,-0.7681728292955605,NA,7313.1500000000005,1.666802905036693,NA,NA,-0.8065701613162677,1.5393948435504072,0.23931879949167853
1976,387467,1690656,Chilko,1.4732412144041338,summer,-0.9538250427343234,-0.15258252970093936,9.30121e-4,-0.15728443741321754,-0.8601591610324582,0.7320068636949781,-0.7681728292955605,1538.2,7171.98,-0.36502861163188755,NA,NA,0.4513736316023427,0.9902525716747163,-0.48674304682117353
1977,56782,195854,Chilko,1.2381501096022045,summer,-0.8839275738691998,-0.3334807506857395,0.993899762,-0.3644130402736091,-0.8626362432317085,-0.285457266091757,-0.7681728292955605,NA,7256.24,0.9321578493925758,NA,NA,-0.8065701613162677,-0.5072385833085913,0.3501444325098262
1978,159174,1256963,Chilko,2.066455829504175,summer,-0.7953647030619272,-0.20095192933398026,0.350996726,-0.23497483782920997,-0.8652527464314953,0.7152239502139598,-0.7681728292955605,1224.9,3661.65,0.0545082075426989,NA,16.32,-0.020816413833381973,-1.1659761281276264,-0.39278284471422165
1979,272694,1712155,Chilko,1.8371578025773325,summer,-0.6996402413810295,-0.11501939669354855,2.309091401,-0.17849357009657565,-0.8336360557493145,1.2921366011239643,-0.7681728292955605,NA,3509.29,1.6605456950200435,8.9,12.96,0.08616414333564898,-0.4615350226768989,0.8986538062796064
1980,498826,4429423,Chilko,2.18376726870148,summer,-0.6019874764638267,-0.3111547225560138,2.539805717,-0.411953910668659,-0.8007287119080768,0.45928451962843064,-0.7681728292955605,1029.8,5731.63,-0.2274307408774076,82.17999999999999,34.11,-0.20526565033171174,-0.19967227477184535,-1.3338118445393503
1981,36149,206984,Chilko,1.7449922098871204,summer,-0.5261110141268617,0.08475850750953755,4.738338745,-0.02907038579269715,-0.7666542836463041,0.8746616282836339,-0.7681728292955605,NA,5461.660000000001,1.762605042864426,117.32,126.13,1.0526781425868987,0.3711558702607203,0.91876510083095
1982,253551,1546793,Chilko,1.8083740480224422,summer,-0.4292518641676974,0.1670719755810049,7.52464633,0.04486930883398732,-0.7309714573126251,1.8103090548504046,-0.7681728292955605,1835.4,12507.16,0.23505605384835643,276.46,596.71,0.6210669291808064,0.12678172974024285,0.5102867615373122
1983,386571,2074265,Chilko,1.6800466020203604,summer,-0.3184651027867885,0.7891503024468391,8.497312129,0.5857976981190268,-0.6939336203733532,0.7424961846206146,-0.7681728292955605,NA,22174.149999999998,1.2109378179984516,518.51,2062.9300000000003,-0.020816413833381973,0.24687016711433243,-1.1465248190195916
1984,580664,665250,Chilko,0.13599063354650814,summer,-0.18722822400556066,0.40506206281564566,9.122413205,0.24660672080018975,-0.6573106949901453,1.1285031946840358,-0.7532628618976906,2120.52,26542.03,-0.5384080037437134,1310.78,2915.4,-0.2458444823613441,-0.9439874050594065,-0.7718412497837398
1985,88120,571998,Chilko,1.8704359729360462,summer,-0.046497688851932846,-0.20735903492281324,15.18024551,-0.5528427761713861,-0.6193023841344969,1.9256915850324055,-0.7078782305967896,NA,27781.22,-0.3650650613989747,3795.7599999999998,1607.46,0.8424060129788026,0.3732545031468694,-0.6073455232831187
1986,323971,4752604,Chilko,2.685793951728935,summer,0.0873359213927342,-0.18137388723145492,11.82867065,-0.3579086766454907,-0.5801424027426481,0.9585761956887253,-0.5697899097861789,1723.52,34939.87,0.12940275896916822,3594.9900000000002,1263.73,0.6653347459404045,0.9044418047743957,-0.3739708042603379
1987,430492,4409284,Chilko,2.3265388563305707,summer,0.22091069145535694,0.6338510382604087,25.79031645,0.2731606638549736,-0.5391405344444256,-0.5497881534177953,-0.4119704345149142,NA,29971.14,-0.2579956930684459,3616.16,1616.29,0.22265657834441469,0.9270604036584476,0.02805971903615465
1988,365790,3293663,Chilko,2.1976962000383033,summer,0.36169830858915214,0.4345553599466107,13.17829904,-0.05983161681099602,-0.4967579482299344,-0.4805586353085948,-0.362955032709941,1857.11,25524.960000000003,-0.2605666166403353,3229.8500000000004,2957.03,0.7833822572993357,0.18321163623447526,0.43545239766574567
1989,78647,3105530,Chilko,3.6759701871305546,summer,0.4965118858955183,1.1587743039168599,26.92548964,0.6521692992024452,-0.445430925883409,-1.3826402349133289,-0.03978669743355723,NA,28211.5,-0.5292287373989003,3464.32,2035.8,0.3554600286232119,-0.7164023276281221,-0.14588719318351395
1990,833313,2615323,Chilko,1.1437335651452214,summer,0.6241638729570539,-0.08251099585694494,36.90592358,-0.2719189248833969,-0.3912721230996318,0.4676759763689398,-0.17620843506197084,3847.4,26982.07,0.96106190719667,3233.13,2706.44,1.4695334170731222,-0.1588655242078343,0.2951939226037243
1991,1039624,1378054,Chilko,0.28181324973057725,summer,0.755160857139653,0.758461593992771,37.81799782,0.4592861772572254,-0.3293614344511861,0.6564837530303957,-0.00612766923597089,NA,27831.460000000003,1.1587083392429707,3934.3,4199.320000000001,1.2592612874650262,-1.9242821443228484,0.9565373759303536
1992,515663,1862595,Chilko,1.2842725043211718,summer,0.886157841322252,0.5545046711318877,14.13927726,0.005956650370639317,-0.26429050652448377,0.9984356152061438,-0.06189868501163561,4749.88,25416.940000000002,0.857055534293709,3806.4300000000003,4073.36,0.8497839824387343,-1.719315665775616,0.4404879574144207
1993,561865,3945698,Chilko,1.9491195429409007,summer,0.995263243482533,1.3256573819626185,22.33340593,0.9710802653473921,-0.1960781236425112,-0.6337027208228869,0.04607209686355735,NA,22435.53,1.0923642956790587,4337.42,5912.14,0.9604535243377338,-1.1228375632456717,0.012726443451345652
1994,452239,1409381,Chilko,1.136695078738883,summer,1.090441034849864,0.927093875349991,40.94903857,0.5704137999517881,-0.13442699494101085,1.021512121242544,0.06005949142842524,2106.4500000000003,25623.01,-0.2930597615102905,3922.9500000000003,4603.92,1.336729966794325,-0.5382517137372397,0.34977408767449514
1995,547755,1271558,Chilko,0.8421700925508339,summer,1.1859818117740926,0.2447451957929584,26.46913575,-0.2211567856550677,-0.06158218363975837,0.6250157902534864,0.32334987380158736,317.40999999999997,24383.1,1.3236696576459894,4121.33,5060.41,1.3736198140939915,-1.0281659019371663,1.529459062687718
1996,989422,1363531,Chilko,0.32071200338928546,summer,1.2676393739530658,0.6510523126641572,26.6261213,0.15854061445412246,0.013953435668566803,1.6445777842253488,0.48950226498383714,981.99,24835.34,-0.5564731158082874,3678.94,1992.73,1.2998401194946585,0.9091054334102827,0.41225118817953266
1997,993254,884791,Chilko,-0.11563496294398558,summer,1.3309252712185444,1.8154127471784849,34.77952241,1.0874900727183459,0.09525227603824811,-0.7490852510048877,0.7138957863010794,NA,18787.45,1.5703841586490674,3983.8,6255.21,-0.7401684361768666,1.5032517216222832,-1.4442842947991894
1998,880944,535282,Chilko,-0.49820034895436693,summer,1.3853645990476486,0.15541765121720919,36.76593431,-0.38756099883547074,0.1794085889334397,-1.4120103335051108,0.6930634965236167,1022.16,20582.04,0.45519745965257125,4491.07,6104.44,-0.23108854344147803,1.6433937621306869,0.04854780839684496
1999,891922,1568361,Chilko,0.5644077191930482,summer,1.4325910798055799,1.2192622028673572,54.33933313,0.5746372553915249,0.2796028438137005,0.11103906489730068,1.2585113619118928,NA,14553.88,-1.032898908964345,4156.84,6606.860000000001,-0.30855722277077685,2.4924073552939108,-0.16216105709842651
2000,759163,497972,Chilko,-0.42167266005266457,summer,1.4133671120122921,0.6425855638399186,40.53328563,0.2266145118685242,0.3889235759408286,-0.8518805960761249,1.740630068190318,2939.4900000000002,8046.72,-0.13267349637284354,4706.68,4629.41,-0.1978876808717774,1.929507378942353,0.32324149952097164
2001,669920,1158460,Chilko,0.5476885135993845,summer,1.394143144219004,1.4798645518175015,48.12116863,0.6729854238342687,0.5025144264820879,1.646675648410476,1.1825330250520891,NA,10810.640000000001,1.2404639518275022,4855.78,3745.72,0.5731101276912397,1.727105896144858,0.6887291844771556
2002,385042,1234773,Chilko,1.1652900072528347,summer,1.3543347252184246,0.7698970378685563,31.05218501,0.36201461484044634,0.6231845891595509,-0.048398613172373234,0.8912976139631591,4324.2,10834.58,1.1385917127875012,4785.07,5121.14,0.565732158231308,0.43271576825442837,1.3019071852412383
2003,612239,384103,Chilko,-0.4662119833665495,summer,1.3298374564389737,2.145824688458584,60.23342207,1.215590527356215,0.6852478428768639,0.03971168260297286,1.1228336346326744,NA,11289.27,0.08835181628323778,4511.35,5241.37,1.0563671273168644,-1.3126472487262717,2.064182065609511
2004,92143,426861,Chilko,1.533116715174293,summer,1.2997839297005322,-0.14289605738805372,30.44836984,-0.5065882895283237,0.7473593726045115,-0.06308366246826427,1.3285971368060714,1347.47,10710.57,0.44185623740250884,3646.24,3982.72,0.36283799808314365,-0.8273966891622321,0.1213843297386308
2005,540481,336929,Chilko,-0.4725872581618408,summer,1.2697304023332958,1.286358462947755,69.44185929,0.41562064515233116,0.8570009388175641,-0.46587358601270373,1.35978605064433,NA,11721.31,1.2160140555614731,4067.17,5687.23,-0.26060042128121014,-0.19897273047646227,-0.5871516501547972
2006,469504,4988600,Chilko,2.36323376994485,summer,1.2289016212438093,-0.07210836824573383,27.1495779,-0.6696204539747842,0.9634332424470369,-1.057471286218599,1.4441270638290864,2868.05,7991.51,0.13992580672726587,3203.2799999999997,3009.57,-1.2123584816125912,0.9802257701075592,-1.0901500429874793
2007,306707,1218462,Chilko,1.379451792228806,summer,1.188072840154323,0.7683784712611401,65.00046501,0.3701949063678679,1.1310437321560751,-1.4770441232440568,1.315770398385948,NA,14500.359999999999,-1.5316398570273535,2769.27,2857.42,-0.2901122991209423,0.5530373870603122,0.01563512890347435
2008,250583,571197,Chilko,0.8239439559405626,summer,1.1380550820059434,0.37520716693093153,44.60419958,-0.6258414753228656,1.3098140104265747,0.04180954678810015,1.3839515067861867,2942.8500000000004,12884.98,0.44309674447571246,3018.08,3457.61,0.08247515860568312,1.6298692390866145,-0.4699485074923377
2009,217778,1852704,Chilko,2.140925277268823,summer,1.0880373244863586,1.0940074410576386,29.72435139,0.6584570462446842,1.499744075861983,-1.3931295558389651,1.7403622244646078,NA,15208.710000000001,0.9843083536527012,3173.94,3141.94,-0.6922116346873024,0.6206600022806733,-0.15252602734077372
2010,2462975,2756971,Chilko,0.11276264444303165,summer,1.038019566337979,-0.16792067561174587,74.72815116,-0.5455560146648467,1.6229810438992838,-1.8252895779751865,1.6338794632878049,5858.38,8304.43,0.691456952462781,3280.2599999999998,3413.2,-0.8434600086159316,0.6446776897554913,-1.3454239279135205
2011,919254,968623,Chilko,0.05231300375411359,summer,1.0417608946260988,3.149096120648266,32.51378041,1.914773080811693,1.749304236890375,-0.9357951634812163,1.4879046327757262,NA,9980.59,-1.5426598366100743,3285.1,2299.55,0.9715204785276313,1.0168352548992718,0.5282779389941813
2012,246605,230044,Chilko,-0.06951727130021827,summer,1.0186212507600807,0.4050756113991662,28.19042902,-0.2540728214943093,1.8807056184341042,-0.2749679451661205,0.9066242271565782,5324.360000000001,12591.67,0.5168595306341217,2971.96,1965.8899999999999,0.6358228681006725,-0.5219290135116352,2.0411370150315977
2013,1235222,477711,Chilko,-0.950000042857534,summer,0.9954816068940625,2.23499005458738,92.14205459,1.1418261431484285,2.0157403591004774,1.9047129431811327,2.0248420215828467,NA,15543,-0.5763856235680681,2562,2298.7599999999998,2.26266513401594,-0.7663031540321126,2.0202518942337706
2014,1034250,1642199,Chilko,0.4623596709937542,summer,0.9570308128069157,-0.47567613540750514,49.20534487,-0.8180954890066834,2.0493496865195797,1.1683626142014543,1.967047297657371,8341,12008.44,-1.543248500348534,2441.15,2202.57,2.5504059429533346,0.23707654697896982,2.176572346258332
2015,662707,212794,Chilko,-1.1360084003060786,summer,0.9185800187197688,1.2523911714280642,81.604544,0.4545893787299925,2.0836027001282043,0.6543858888452685,1.8259234146220442,NA,10783.27,-1.6820801957189182,2396.11,2201.82,1.9417234625088469,-0.6940169101758645,0.7906513280629321
2016,155687,38893,Chilko,-1.3870332956100273,summer,0.8801292246326219,-0.6096348413637508,NA,-0.9167532306605438,2.0836027001282043,0.09635401560140967,1.8755637851203413,1516.4,10610.6,-0.20944885578101644,1830,2151,1.4658444323431563,-1.9210176042777272,0.9666259024712036
2017,372212,1146410,Chilko,1.1249270150155257,summer,0.8424958636168289,0.9442861477286991,NA,0.2276765726581958,2.0836027001282043,-0.1826619210205197,1.9279718741176441,NA,9382,-0.7804952068150611,1786.46,2228.9700000000003,1.6281597604616858,-1.4649147236879814,2.4269986314085066
2018,619623,1664823,Chilko,0.9883628618805183,summer,NA,NA,NA,NA,2.0836027001282043,-0.7616724361156514,NA,526,13274,NA,1760,2249,NA,-1.908192625529038,NA
2019,169877,447000,Chilko,0.9674839488487998,summer,NA,NA,NA,NA,2.0836027001282043,NA,NA,NA,9875,NA,1931,2396,NA,NA,NA
1948,13086,40903,Cultus,1.139660453544508,late,-0.5388150612431886,NA,NA,NA,0.1415626423623099,-1.3015350834209913,-0.7557902897142292,NA,NA,NA,NA,NA,-1.6558263046761341,-1.4110919461771299,-1.5397490826865448
1949,9301,37505,Cultus,1.3943523361612695,late,-0.5273428506396125,NA,NA,NA,0.11674878669769803,-1.1467540619755454,-0.7557902897142292,NA,NA,NA,NA,NA,-0.9946110725609889,-0.41774715550323244,-0.17766379272717217
1950,30595,104738,Cultus,1.2306253968528666,late,-0.5299909970146566,-1.012913428060238,NA,-1.012913428060238,0.09193493103308642,-1.1530289682503607,-0.7557902897142292,NA,NA,NA,NA,NA,-1.4130071516394989,-0.9803095189955139,-0.7782557689900188
1951,13143,170570,Cultus,2.5632564721529105,late,-0.554021366482349,-1.0244501083237296,NA,-1.0244501083237296,0.06712107536847456,-0.3749405901732541,-0.7557902897142292,NA,NA,NA,NA,NA,-0.6285145033672903,0.9404900941969482,-0.003658993290180073
1952,18910,44265,Cultus,0.8505034143926463,late,-0.5724179678428213,-0.9708440367844157,0,-0.9708440367844157,0.04237977456520919,-0.5150801636441308,-0.7557902897142292,NA,NA,NA,NA,NA,-1.102945771608103,0.9393007445912563,-0.5592376545762064
1953,13000,63172,Cultus,1.5809118075462716,late,-0.6290185874082762,-0.8779125305158558,0,-0.8779125305158558,-0.12311848754761451,0.0663944844887608,-0.7557902897142292,NA,NA,NA,NA,NA,-1.4055357930845243,0.11056193934512153,-1.1007512339527403
1954,24150,69664,Cultus,1.0593993049535553,late,-0.6740295673792467,-0.9206650017305755,0,-0.9206650017305755,-0.2886167482500721,-2.2678706497425596,-0.7557902897142292,NA,NA,NA,NA,NA,-1.577377039848913,-0.07450085930054232,-0.12069190546620108
1955,26000,279474,Cultus,2.3748127269909265,late,-0.70260553909280965,-1.1811808991365265,0,-1.181255571858462,-0.4540424543732565,-1.2471525623725914,-0.7557902897142292,NA,NA,NA,NA,NA,-0.8974834113463327,-1.2219853588721135,1.1496480426983686
1956,14133,36232,Cultus,0.941430217867899,late,-0.7570328066405579,-1.0112291983049533,0,-1.0113805237073608,-0.6195407156398606,1.2230688744797287,-0.7557902897142292,158.4,75.2,NA,NA,NA,0.7947793013551423,-0.3342548131836592,1.47895474732835
1957,20647,27988,Cultus,0.30420581648090794,late,-0.8076490267966212,-1.2281515581626037,0.00557832,-1.2283472114244842,-0.7850389769064645,0.8633075813903138,-0.7557902897142292,321,121.8,NA,NA,NA,-0.13914051801653385,-0.25337903999660816,0.4815968415353582
1958,14097,47483,Cultus,1.214409743455359,late,-0.846853316311348,-1.1827724728293534,0.01130455,-1.1827724728293534,-0.8017266577774148,1.032730050810329,-0.7557902897142292,364.6,19.6,NA,NA,NA,-0.333395840445841,0.7899184341163502,-0.2019631814498274
1959,48461,52909,Cultus,0.08781410596733098,late,-0.875944694158022,-1.0129155620943795,0.014615997,-1.0134180105405135,-0.818414338648365,0.74617599759376,-0.7557902897142292,NA,NA,NA,NA,NA,0.32781939166930424,1.319416878570396,0.40916035633104003
1960,17689,23456,Cultus,0.28218334824287056,late,-0.8871046211990599,-0.3865319852662393,0,-0.3865319852662393,-0.8351745746627348,-0.9689650508557763,-0.7557902897142292,958.6,35.9,NA,NA,NA,-0.5836863520374508,0.0032826049117097265,-0.09788083874624948
1961,15428,5954,Cultus,-0.9521207777523968,late,-0.8939405219026052,-0.6734324378539369,0.037534697,-0.6758021352514797,-0.851862255533685,0.1751595265855607,-0.7557902897142292,NA,NA,NA,NA,NA,0.2904625988944393,-0.36279920372026536,0.4409795970380416
1962,27070,36218,Cultus,0.2911301291929409,late,-0.9985705108273093,-0.5700636580029189,0,-0.5700636580029189,-0.8685499364046353,0.2609165790080375,-0.7557902897142292,1055.2,28.6,-1.644208549240063,NA,NA,-0.4865586908227946,0.5846366921739237,-0.6725799233061386
1963,20571,134623,Cultus,1.8785959623141544,late,-1.2217203023942809,-0.988434779412608,0.177024893,-0.9905911968171418,-0.8853101724190052,-0.32892461082460794,-0.7557902897142292,NA,NA,-1.5943259597933928,NA,NA,-0.5986290691473973,-0.6824963777302553,-1.4575782579438317
1964,11143,70043,Cultus,1.8382978411024893,late,-1.3011102389328906,-0.563862985404459,0,-0.563862985404459,-0.9019978532899554,0.016195234290237767,-0.7557902897142292,1055.4,99.7,-1.135696715074977,NA,NA,-0.7032280889170255,-0.7207934350335353,-0.6440384673848589
1965,2532,19640,Cultus,2.04855879864439,late,-1.3573424446606512,-1.4403872488075005,0.161092115,-1.4423061110786843,-0.9186855341609057,-0.1574105059796543,-0.7557902897142292,NA,NA,-0.8565600403922138,NA,NA,-0.24373953778615934,-0.6684620523830905,0.6352605951480971
1966,17464,40514,Cultus,0.841505974143972,late,-1.336566413165829,-0.33701553140269774,0,-0.33701553140269774,-0.9354457701752754,0.07894429703839151,-0.7557902897142292,1310.8,1025.9,-1.3081064417061872,NA,NA,-0.12046212162909872,-0.4893460017658864,0.6133179658814948
1967,33492,103258,Cultus,1.1259241063375875,late,-1.3203468704606134,-1.0321891036228235,0.14334589,-1.038101194888579,-0.9521334510462257,-0.4063151215473309,-0.7557902897142292,NA,227,-1.4636868481114576,NA,NA,-0.6098361069798579,-1.1175604634923622,-0.6992632533696311
1968,25736,42418,Cultus,0.49968201051642946,late,-1.288430133233908,-0.8253498006103256,0,-0.8253498006103256,-0.9294165947590376,1.3464753645510978,-0.7557902897142292,390,480.9,0.44819657410303604,NA,NA,-0.7368492024144044,0.09533826439226488,-0.7355779409389416
1969,6739,5031,Cultus,-0.2922927744548985,late,-1.2520790447510723,-1.0264040172397861,0.441654415,-1.032851652418425,-0.9058515447251978,-0.9856981342552841,-0.7557902897142292,NA,2703,-1.1788596838558945,NA,NA,-1.2486372634300846,0.10461519131666189,-2.1490130835934576
1970,15149,45222,Cultus,1.0936491709132012,late,-1.2110798530491305,-1.0485378820199285,0,-1.0485378820199285,-0.8903247475593264,-1.5044237196400219,-0.7557902897142292,332.7,3249.4,-1.3685224905748485,NA,NA,-1.3868573966970918,-0.34757552876740877,-1.2684402303529723
1971,9145,48598,Cultus,1.6703750959534671,late,-1.218795638768429,-1.2651585393538993,0.48166146,-1.2742372717023418,-0.8746547969892479,-0.1134861620559467,-0.7557902897142292,NA,1563.03,-0.6782176756957443,NA,NA,-1.0655889788332353,-0.2819234305332144,-1.224534787773112
1972,10660,30026,Cultus,1.0355652542524147,late,-1.1719362668111613,-1.1924353563967374,0,-1.1924353563967374,-0.8585605949697451,-0.8999410818328072,-0.7557902897142292,655.8,2642.13,0.4501942991658274,NA,165.83,-1.0730603373882073,-0.20842162490145325,-0.5792232768124221
1973,858,669,Cultus,-0.24882003935973387,late,-1.1232105444425697,-1.1249494417999262,0.678213849,-1.135829414888434,-0.8425965121762731,-0.06537854728236216,-0.7557902897142292,NA,13479.29,0.6091042473424169,NA,NA,-1.4839850579117453,0.7744568892423552,-1.785671583649621
1974,9814,29657,Cultus,1.105888247601423,late,-1.070104270384513,-0.6776463703139388,0,-0.67765882112209,-0.8456982466024898,-1.0798217283775149,-0.7557902897142292,1129.7,6426.54,0.02364972969830411,NA,NA,-1.3868573966970918,1.241633414358144,-1.286811012608772
1975,11478,122507,Cultus,2.3677360115231627,late,-1.0094369477510385,-0.8606679613697057,0.812772992,-0.8739725405997248,-0.8489271035093563,1.538905823645436,-0.7557902897142292,NA,7313.1500000000005,1.6468316117778816,NA,NA,-0.7928843915767071,1.5425388645982017,0.2851223040175248
1976,4450,6109,Cultus,0.316858997489481,late,-0.939682898497746,-0.13838912839135464,9.30121e-4,-0.14308765526803185,-0.8509409649220867,0.71898473706956,-0.7557902897142292,1538.2,7171.98,-0.37789300792276914,NA,NA,0.4809822420462605,0.9823552003173041,-0.4690559746218147
1977,353,1457,Cultus,1.4176667492619082,late,-0.8699288492444535,-0.31915727724733367,0.993899762,-0.35006732544037855,-0.8530609503012743,-0.2954584440255927,-0.7557902897142292,NA,7256.24,0.9147561819495025,NA,NA,-0.7928843915767071,-0.5452454332334069,0.4002396119482421
1978,7265,70408,Cultus,2.2712385960492645,late,-0.7815476967849272,-0.1867237487394152,0.350996726,-0.22072219357705572,-0.8552703418751869,0.7022516536700524,-0.7557902897142292,1224.9,3661.65,0.04017636430866941,NA,16.32,0.0028152945279618963,-1.217227960449346,-0.37145720415138367
1979,32045,108854,Cultus,1.2228663698672801,late,-0.68601964801224935,-0.1008530045864251,2.309091401,-0.16428153784542676,-0.8228499096631053,1.2774513955281286,-0.7557902897142292,NA,3509.29,1.640596288097048,8.9,12.96,0.11114999357507602,-0.49862292869028335,0.9699897750066483
1980,1687,4639,Cultus,1.0115470222057754,late,-0.588567252605789,-0.29684730231034334,2.539805717,-0.3975740122918611,-0.7890622511559273,0.4470721318275604,-0.7557902897142292,1029.8,5731.63,-0.2407764240675406,82.17999999999999,34.11,-0.18396866934637335,-0.2314950072518767,-1.3489271467490993
1981,1159,965,Cultus,-0.18318474200076573,late,-0.5128464779203538,0.09878125233727011,4.738338745,-0.014965794021459164,-0.754026366255236,0.8612159459653753,-0.7557902897142292,NA,5461.660000000001,1.742298654930065,117.32,126.13,1.0898979642765942,0.3508105596948908,0.9908798707787453
1982,17222,17956,Cultus,0.04173668464571216,late,-0.4161860690875131,0.18103553415491797,7.52464633,0.05892073538650663,-0.7172883010655413,1.794085345487928,-0.7557902897142292,1835.4,12507.16,0.22009269420612604,276.46,596.71,0.6528234888106492,0.10152288234186288,0.5665833837034696
1983,19952,95903,Cultus,1.5700078750484492,late,-0.3056266263001276,0.8026665650118229,8.497312129,0.5994601782974411,-0.6790943871263334,0.7294429141942523,-0.7557902897142292,NA,22174.149999999998,1.192561039923738,518.51,2062.9300000000003,0.0028152945279618963,0.22402589172813137,-1.1543875118195541
1984,1147,9191,Cultus,2.081074906228739,late,-0.1746590268292713,0.4188544982181068,9.122413205,0.26051309111890836,-0.6412149495149523,1.1143038323829288,-0.7405669264481023,2120.52,26542.03,-0.5506659572926687,1310.78,2915.4,-0.22506114139872688,-0.9907757955256029,-0.7651944827191397
1985,571,2102,Cultus,1.3032553417808863,late,-0.034217250611442034,-0.1931262473959136,15.18024551,-0.5383615737874876,-0.6018385140376282,1.9091252938595433,-0.6942283456480153,NA,27781.22,-0.377929330196638,3795.7599999999998,1607.46,0.8769642454598521,0.3529513889851362,-0.5943287300483813
1986,3533,10278,Cultus,1.0678583201930298,late,0.09934175220118377,-0.16715978393184922,11.82867065,-0.3435676386765164,-0.5611840031837118,0.9448813629629136,-0.5532375161972587,1723.52,34939.87,0.11480895116963187,3594.9900000000002,1263.73,0.6976516401404887,0.8948190693383782,-0.35191667553215866
1987,32336,65836,Cultus,0.7109856405205564,late,0.2326424459348086,0.6474789664116382,25.79031645,0.2870479409626981,-0.5185579658691105,-0.5590045075678385,-0.39210079883144783,NA,29971.14,-0.27123446682033586,3616.16,1616.29,0.2493701268420858,0.9178924516888015,0.06568230664817606
1988,964,7726,Cultus,2.081255248615681,late,0.37314118700874377,0.44832658864000147,13.17829904,-0.0457049066420097,-0.4743894391966875,-0.48998053854486934,-0.3420551315673538,1857.11,25524.960000000003,-0.27379639787055804,3229.8500000000004,2957.03,0.8171933770200634,0.15908740325735216,0.4888510913177197
1989,568,10741,Cultus,2.9397020548768955,late,0.5076781461307787,1.172024793935973,26.92548964,0.6657840558852983,-0.42103207881486754,-1.3893837712684067,-0.01209405031611112,NA,28211.5,-0.5415187979900087,3464.32,2035.8,0.38385458083160695,-0.7586147524945386,-0.11500062483853218
1990,1870,24887,Cultus,2.5884071479151736,late,0.6350682095671661,-0.06836797842359311,36.90592358,-0.257639716544408,-0.3646474212834919,0.4554386735273142,-0.1513832663079793,3847.4,26982.07,0.9435591397563361,3233.13,2706.44,1.5120297226325903,-0.18986777105265923,0.3431611672099673
1991,20191,17376,Cultus,-0.15014701681671214,late,0.7657964066688088,0.7719999228092506,37.81799782,0.47303962363060453,-0.3002551125794869,0.6436858617717756,0.022272464362510805,NA,27831.460000000003,1.1405142483257105,3934.3,4199.320000000001,1.2990960038158479,-1.9907809439913753,1.030114860965084
1992,1205,1813,Cultus,0.4085033648300957,late,0.8965246037704513,0.5681896520878957,14.13927726,0.020036056481480775,-0.2324863369493249,0.9846224360367444,-0.03467081460100598,4749.88,25416.940000000002,0.8399165581274869,3806.4300000000003,4073.36,0.884435604014824,-1.7816932833107344,0.49408165094914386
1993,1131,934,Cultus,-0.1913810378872779,late,1.0054061372459207,1.3387878772293926,22.33340593,0.9844657139251404,-0.16136751759740883,-0.6426699245653769,0.07556942877126664,NA,22435.53,1.0744022615431688,4337.42,5912.14,0.9965059823394267,-1.1732220250387444,0.049755256569482015
1994,4422,2441,Cultus,-0.5941842910244316,late,1.1003886373943499,0.9405109516759558,40.94903857,0.5840873416894222,-0.10023291511602758,1.0076304257110673,0.08985082744408035,2106.4500000000003,25623.01,-0.3061758889110198,3922.9500000000003,4603.92,1.3775452686430691,-0.5768821327448123,0.39985492566864855
1995,10349,14553,Cultus,0.3409072612451532,late,1.195733378305215,0.25865290461306867,26.46913575,-0.20691407706426307,-0.027733677188825256,0.6123113303976986,0.35867536799383115,317.40999999999997,24383.1,1.3048985685455794,4121.33,5060.41,1.4149020614179366,-1.07664683705656,1.6252226933185765
1996,2030,1503,Cultus,-0.30057268228285855,late,1.2772233908423927,0.6646678724992808,26.6261213,0.17251030737417486,0.04754923932821225,1.6288461469177897,0.5283201526540843,981.99,24835.34,-0.568667881593344,3678.94,1992.73,1.3401884758682014,0.8995764677611459,0.46475142498554445
1997,91,717,Cultus,2.0642163340827704,late,1.340379434495608,1.8281910912598665,34.77952241,1.1007918185853767,0.12871863791862398,-0.757709872936992,0.7574302505115638,NA,18787.45,1.5507501168260824,3983.8,6255.21,-0.7256421645819439,1.5056690268217519,-1.4636775950712875
1998,2166,6025,Cultus,1.0230353307979199,late,1.3947070606080068,0.16938958965672687,36.76593431,-0.3731986398128634,0.21279786809402818,-1.418666667217545,0.7361600822754581,1022.16,20582.04,0.43946409409371295,4491.07,6104.44,-0.2101184242887804,1.6486288494259214,0.08696378844634844
1999,12403,2843,Cultus,-1.4730785461643299,late,1.4418366393800948,1.232469199977908,54.33933313,0.5883077603174257,0.31332665226325096,0.09986065128777614,1.3134932201126082,NA,14553.88,-1.0434272427657223,4156.84,6606.860000000001,-0.2885676891160015,2.5147132322907826,-0.1319046871253572
2000,1227,80,Cultus,-2.73030081003703,late,1.4226521164199823,0.6562072115626829,40.53328563,0.24053525728259428,0.42439729645037066,-0.8602000087589766,1.805745685005336,2939.4900000000002,8046.72,-0.14635061943293337,4706.68,4629.41,-0.17649731079139877,1.9404952426627204,0.37229487446489934
2001,675,212,Cultus,-1.1581264162005174,late,1.4034675934598697,1.4928841667519357,48.12116863,0.686585212997652,0.5398104105810232,1.6309377823427282,1.235917877960069,NA,10810.640000000001,1.2219838978712687,4855.78,3745.72,0.6042596582033212,1.7340241511146017,0.7519359126270403
2002,4882,5110,Cultus,0.04564443224484469,late,1.363740855643078,0.7834271442021344,31.05218501,0.375838002859069,0.6624090016953471,-0.05910364100754671,0.9385609260193137,4324.2,10834.58,1.1204679853774453,4785.07,5121.14,0.5967882996483492,0.41360821887542454,1.388858967411143
2003,1939,723,Cultus,-0.9865184330838872,late,1.339293851756424,2.158365454832699,60.23342207,1.22880016452949,0.7258390497877881,0.028745046839868532,1.1749636529863152,NA,11289.27,0.0739015955959752,4511.35,5241.37,1.0936336435540803,-1.36684814084539,2.1806526142548828
2004,52,1209,Cultus,3.1463051320333655,late,1.3093019905576502,-0.1287096209898299,30.44836984,-0.49214034573321863,0.7893359210147168,-0.07374508898211594,1.3850521432497918,1347.47,10710.57,0.42616953648645167,3646.24,3982.72,0.39132593938657884,-0.8718408349564102,0.16262087271070474
2005,226,903,Cultus,1.3851875541446994,late,1.2793101287313717,1.2995172155076569,69.44185929,0.42940548856591376,0.9055551706537571,-0.4753390905703001,1.416896623694704,NA,11721.31,1.1976195219312182,4067.17,5687.23,-0.24000385850867337,-0.2307813974884615,-0.5733528578794747
2006,3521,20144,Cultus,1.744161437129076,late,1.238565122462783,-0.05797283066437479,27.1495779,-0.6550552843684997,1.0162867530153639,-1.0651802804029455,1.5030104190963083,2868.05,7991.51,0.12529519163559338,3203.2799999999997,3009.57,-1.2038091121002426,0.9721267937083534,-1.0958296468628865
2007,649,12512,Cultus,2.9590107460810025,late,1.1978201161941946,0.7819096694970615,65.00046501,0.38401241247163503,1.1892232832680285,-1.4835073653906372,1.3719557968072753,NA,14500.359999999999,-1.5404237053718937,2769.27,2857.42,-0.2698892927285664,0.5363490981828314,0.052776579613145275
2008,360,1958,Cultus,1.6935747916403001,late,1.147904987333753,0.389021069044576,44.60419958,-0.6113077843288076,1.37394798564252,0.030836682264806993,1.4415700188485865,2942.8500000000004,12884.98,0.4274057045404577,3018.08,3457.61,0.10741431429759005,1.634832393999895,-0.4516110739898864
2009,1441,2841,Cultus,0.6788187858546658,late,1.0979898591008161,1.1073045007095723,29.72435139,0.6720672818181598,1.5704608573181067,-1.3998419483930988,1.805472211413729,NA,15208.710000000001,0.9667242752874811,3173.94,3141.94,-0.6770783339746185,0.6053313753129631,-0.12189654498957787
2010,10297,18772,Cultus,0.6005138072575574,late,1.0480747302403743,-0.15371624564040912,74.72815116,-0.5310800517165614,1.7002714515772128,-1.8307188459304213,1.6967512657726067,5858.38,8304.43,0.6748972034861429,3280.2599999999998,3413.2,-0.830241184351572,0.6298319771902169,-1.3609889030512954
2011,7211,1631,Cultus,-1.4864143142957456,late,1.0518083818578003,3.160915499878495,32.51378041,1.9274799813484909,1.8338312369182836,-0.9438654257565148,1.547708158346753,NA,9980.59,-1.5514051395049349,3285.1,2299.55,1.0077130201718847,1.0094723713270797,0.5852712617596179
2012,892,3947,Cultus,1.4872449430828378,late,1.0287162172323763,0.41886803705972336,28.19042902,-0.2398064451259519,1.9733747377759092,-0.28500026690090036,0.9542096926501629,5324.360000000001,12591.67,0.5009104847977897,2971.96,1965.8899999999999,0.6677662059205958,-0.5602312382651252,2.1567151540174834
2013,3312,868,Cultus,-1.3391158008448,late,1.0056240526069524,2.2474667079540462,92.14205459,1.1550888194861175,2.1174247637443693,1.8882089396101587,2.095931551655061,NA,15543,-0.5885107398079429,2562,2298.7599999999998,2.315200767292231,-0.809518915618153,2.1350212659107486
2014,4411,1441,Cultus,-1.1187641041054175,late,0.9672521540513908,-0.4612504185291218,49.20534487,-0.8034235606728765,2.1555827889497348,1.1540449054567596,2.03692202777718,8341,12008.44,-1.551991744227918,2441.15,2202.57,2.6065837509361947,0.21403535504031918,2.29739516012197
2015,1220,55,Cultus,-3.0992729524948315,late,0.9288802554958291,1.2655743476550105,81.604544,0.4683462022652904,2.1555827889497348,0.641594226346837,1.8928318309548766,NA,10783.27,-1.6903378370536102,2396.11,2201.82,1.9901966701508889,-0.7357792400652535,0.8578049473313253
2016,2606,258,Cultus,-2.312612172763173,late,0.8905083569402674,-0.5951128035046359,NA,-0.9020103639702858,2.1555827889497348,0.08521920331320695,1.9435156032660537,1516.4,10610.6,-0.2228574356255328,1830,2151,1.5082940433551042,-1.9874507650954376,1.0405940613516955
2017,681,465,Cultus,-0.3815249005621561,late,NA,NA,NA,NA,2.1555827889497348,-0.1929683082036081,NA,NA,9382,NA,1786.46,2228.9700000000003,NA,-1.5221771993487558,NA
2018,336,1746,Cultus,1.6479715764363432,late,NA,NA,NA,NA,2.1555827889497348,NA,NA,526,13274,NA,1760,2249,NA,NA,NA
1948,20960,198153,Early Stuart,2.2464236001144133,early_stuart,-0.5521329908251326,NA,NA,NA,0.17096521695780886,-1.2945299391379828,-0.7681728292955605,NA,NA,NA,NA,NA,-1.6587256339385494,-1.3560189950400205,-1.517519770168949
1949,582228,1030750,Early Stuart,0.571179847993258,early_stuart,-0.5406371924870921,NA,NA,NA,0.14503565477326832,-1.1392879894385632,-0.7681728292955605,NA,NA,NA,NA,NA,-1.0057753367344635,-0.38225333586682037,-0.20621422282844457
1950,59443,241087,Early Stuart,1.4001399939988128,early_stuart,-0.5432907836517826,-1.0277360953001518,NA,-1.0277360953001518,0.11910609258872802,-1.1455815819939452,-0.7681728292955605,NA,NA,NA,NA,NA,-1.4189416264907213,-0.933727422060455,-0.7844155997665643
1951,61041,173645,Early Stuart,1.0454672156834206,early_stuart,-0.5673705613803303,-1.0392810768079217,NA,-1.0392810768079217,0.09317653040418745,-0.3651761051265939,-0.7681728292955605,NA,NA,NA,NA,NA,-0.6442548331977358,0.9492126396789108,-0.0386964759974767
1952,33582,88572,Early Stuart,0.969825571438638,early_stuart,-0.5858049875474535,-0.985636432899045,0,-0.985636432899045,0.06732278536852142,-0.5057330055301221,-0.7681728292955605,NA,NA,NA,NA,NA,-1.1127558939034945,0.9480467325199391,-0.5735626740973826
1953,154312,540597,Early Stuart,1.253697557515443,early_stuart,-0.6425219822764203,-0.8926380575557539,0,-0.8926380575557539,-0.10561678262485026,0.07747323793526406,-0.7681728292955605,NA,NA,NA,NA,NA,-1.411563657030787,0.13564262414842812,-1.0948881489638218
1954,35058,155482,Early Stuart,1.4895261364917245,early_stuart,-0.6876255082335332,-0.9354212914074671,0,-0.9354212914074671,-0.27855634943919766,-2.26374319266679,-0.7681728292955605,NA,NA,NA,NA,NA,-1.5812569546092508,-0.045772529787575185,-0.15136629784277972
1955,2170,27456,Early Stuart,2.5378575557531837,early_stuart,-0.716260234310674,-1.1961246436143982,0,-1.196199370067259,-0.4514200991046705,-1.239985470324673,-0.7681728292955605,NA,NA,NA,NA,NA,-0.9098617337553302,-1.1706397567635132,1.0716142550755587
1956,25157,110394,Early Stuart,1.4789195967009967,early_stuart,-0.7707994084454703,-1.0260506536535519,0,-1.0262020879424933,-0.6243596662137739,1.2375921323106547,-0.7681728292955605,158.4,75.2,NA,NA,NA,0.7612483489195353,-0.30040665330700395,1.3886441149095168
1957,235033,1222206,Early Stuart,1.6486867718116003,early_stuart,-0.8215196993863103,-1.243129100484013,0.00557832,-1.243324894528639,-0.7972992333228773,0.8767594924687612,-0.7681728292955605,321,121.8,NA,NA,NA,-0.16099783357211353,-0.22112496649692545,0.4284685927223063
1958,38812,102352,Early Stuart,0.9696883755447288,early_stuart,-0.86080459589152,-1.1977173625276618,0.01130455,-1.1977173625276618,-0.8147372431472099,1.0466864914640714,-0.7681728292955605,364.6,19.6,NA,NA,NA,-0.35282503953037503,0.801608793353088,-0.22960770887802334
1959,2670,20835,Early Stuart,2.0545557924622586,early_stuart,-0.8899557878158436,-1.0277382308698424,0.014615997,-1.028241040853888,-0.8321752529715425,0.7592790981016329,-0.7681728292955605,NA,NA,NA,NA,NA,0.3001252576737109,1.3206706605273082,0.3587326036631307
1960,14572,74127,Early Stuart,1.6266779592578324,early_stuart,-0.9011386605126738,-0.4009039383276107,0,-0.4009039383276107,-0.8496890802395054,-0.9609695337027437,-0.7681728292955605,958.6,35.9,NA,NA,NA,-0.5999870164381376,0.030477798409176853,-0.12940564783714087
1961,199136,255212,Early Stuart,0.2481065639219041,early_stuart,-0.9079886163461494,-0.6880108307824199,0.037534697,-0.6903822333010645,-0.867127090063838,0.1865621755618831,-0.7681728292955605,NA,NA,NA,NA,NA,0.263235410374047,-0.3283884251223258,0.3893655949734609
1962,26716,75785,Early Stuart,1.0426377470202306,early_stuart,-1.0128337324578498,-0.5845676716929467,0,-0.5845676716929467,-0.8845650998881706,0.27257460715210197,-0.7681728292955605,1055.2,28.6,-1.6357889915180734,NA,NA,-0.5040734134590041,0.6003732177145651,-0.6826794429438852
1963,4628,92222,Early Stuart,2.9920739044815368,early_stuart,-1.2364423369085078,-1.0032398329857315,0.177024893,-1.0053978020452676,-0.9020789271561336,-0.3190230930537935,-0.7681728292955605,NA,NA,-1.5857313113848763,NA,NA,-0.6147429553580036,-0.6417842694539304,-1.4384123463468488
1964,2421,41860,Early Stuart,2.850150039061932,early_stuart,-1.3159955051734982,-0.578362537386547,0,-0.578362537386547,-0.9195169369804661,0.027124497492209115,-0.7681728292955605,1055.4,99.7,-1.125492252296161,NA,NA,-0.7180345277970687,-0.6793264799728206,-0.6552020377074885
1965,23045,416779,Early Stuart,2.895107279120216,early_stuart,-1.372343328577999,-1.4555175057983287,0.161092115,-1.4574377487911836,-0.9369549468047987,-0.14699822987335584,-0.7681728292955605,NA,NA,-0.8453757922304185,NA,NA,-0.264289406011176,-0.6280265649780639,0.5764036258827916
1966,10859,83040,Early Stuart,2.034328190182815,early_stuart,-1.3515245799878357,-0.3513518547881198,0,-0.3513518547881198,-0.9544687740727619,0.09006042304602774,-0.7681728292955605,1310.8,1025.9,-1.298507146737114,NA,NA,-0.14255290992227898,-0.4524409468369194,0.5552790372152273
1967,21069,339270,Early Stuart,2.778993484706352,early_stuart,-1.3352716886735605,-1.0470256407185208,0.14334589,-1.052941986042868,-0.9719067838970944,-0.39664406790350315,-0.7681728292955605,NA,227,-1.4546336490942944,NA,NA,-0.6258099095479038,-1.0682731082057941,-0.7083679948955908
1968,1587,10412,Early Stuart,1.881113545588047,early_stuart,-1.3032893282161904,-0.8400375060194842,0,-0.8400375060194842,-0.9481789225939699,1.3613661192331648,-0.7681728292955605,390,480.9,0.46396059115647137,NA,NA,-0.7512353903667667,0.1207190125135898,-0.7433288388387732
1969,109818,1374946,Early Stuart,2.527345286536325,early_stuart,-1.2668634991404335,-1.0412363916635416,0.441654415,-1.047688666252601,-0.9235667931677475,-0.9777524471837621,-0.7681728292955605,NA,2703,-1.1688067255182115,NA,NA,-1.2566262983721919,0.1298130883535694,-2.1040698710131736
1970,32747,180924,Early Stuart,1.709265698752772,early_stuart,-1.2257800099930785,-1.063386182915959,0,-1.063386182915959,-0.9073552109109543,-1.4980227650953297,-0.7681728292955605,332.7,3249.4,-1.3591352593256223,NA,NA,-1.3931187333809552,-0.3134648134874875,-1.2563255514734288
1971,95942,430899,Early Stuart,1.5021298816760882,early_stuart,-1.2335116599525848,-1.28016271013201,0.48166146,-1.2892479751027703,-0.8909962504862666,-0.10294308198568279,-0.7681728292955605,NA,1563.03,-0.6664074358318764,NA,NA,-1.0758660466038281,-0.24910673831224725,-1.214056942570731
1972,5086,32207,Early Stuart,1.845692153228717,early_stuart,-1.1865559415751636,-1.2073871990446894,0,-1.2073871990446894,-0.8741951561474083,-0.8917400155935432,-0.7681728292955605,655.8,2642.13,0.46596532834627175,NA,165.83,-1.0832440160637598,-0.17705367588779347,-0.5928032146851038
1973,300653,1347491,Early Stuart,1.5000428479096266,early_stuart,-1.137730035428525,-1.139852724805969,0.678213849,-1.1507405266036277,-0.8575414398290662,-0.05469220572775516,-0.7681728292955605,NA,13479.29,0.6254330593531193,NA,NA,-1.4890323363600857,0.7864520002864553,-1.7542740630945783
1974,39659,144002,Early Stuart,1.289509279916411,early_stuart,-1.0845145708461514,-0.6922277953870182,0,-0.6922402551541765,-0.8607837562804248,-1.07215633551449,-0.7681728292955605,1129.7,6426.54,0.03792356351798675,NA,NA,-1.3931187333809552,1.244420332330556,-1.274011454741449
1975,65780,222935,Early Stuart,1.2205644083900806,early_stuart,-1.023722511599447,-0.8753810800410187,0.812772992,-0.888695232611001,-0.8641734506049217,1.5543696242648752,-0.7681728292955605,NA,7313.1500000000005,1.666802905036693,NA,NA,-0.8065701613162677,1.5393948435504072,0.23931879949167853
1976,12648,31834,Early Stuart,0.9230358011004919,early_stuart,-0.9538250427343234,-0.15258252970093936,9.30121e-4,-0.15728443741321754,-0.8675141443904014,0.7320068636949781,-0.7681728292955605,1538.2,7171.98,-0.36502861163188755,NA,NA,0.4513736316023427,0.9902525716747163,-0.48674304682117353
1977,118017,761122,Early Stuart,1.8639649785015502,early_stuart,-0.8839275738691998,-0.3334807506857395,0.993899762,-0.3644130402736091,-0.8711425271460738,-0.285457266091757,-0.7681728292955605,NA,7256.24,0.9321578493925758,NA,NA,-0.8065701613162677,-0.5072385833085913,0.3501444325098262
1978,50097,72650,Early Stuart,0.3716922639578868,early_stuart,-0.7953647030619272,-0.20095192933398026,0.350996726,-0.23497483782920997,-0.8750579315442621,0.7152239502139598,-0.7681728292955605,1224.9,3661.65,0.0545082075426989,NA,16.32,-0.020816413833381973,-1.1659761281276264,-0.39278284471422165
1979,92763,107902,Early Stuart,0.15117555438261665,early_stuart,-0.6996402413810295,-0.11501939669354855,2.309091401,-0.17849357009657565,-0.8430044008330799,1.2921366011239643,-0.7681728292955605,NA,3509.29,1.6605456950200435,8.9,12.96,0.08616414333564898,-0.4615350226768989,0.8986538062796064
1980,17026,63491,Early Stuart,1.316156576108347,early_stuart,-0.6019874764638267,-0.3111547225560138,2.539805717,-0.411953910668659,-0.8097622582806426,0.45928451962843064,-0.7681728292955605,1029.8,5731.63,-0.2274307408774076,82.17999999999999,34.11,-0.20526565033171174,-0.19967227477184535,-1.3338118445393503
1981,138072,350095,Early Stuart,0.9304292579957155,early_stuart,-0.5261110141268617,0.08475850750953755,4.738338745,-0.02907038579269715,-0.7754779924811127,0.8746616282836339,-0.7681728292955605,NA,5461.660000000001,1.762605042864426,117.32,126.13,1.0526781425868987,0.3711558702607203,0.91876510083095
1982,4560,27803,Early Stuart,1.8078213050171004,early_stuart,-0.4292518641676974,0.1670719755810049,7.52464633,0.04486930883398732,-0.7397082337556175,1.8103090548504046,-0.7681728292955605,1835.4,12507.16,0.23505605384835643,276.46,596.71,0.6210669291808064,0.12678172974024285,0.5102867615373122
1983,23874,188473,Early Stuart,2.066164759881682,early_stuart,-0.3184651027867885,0.7891503024468391,8.497312129,0.5857976981190268,-0.7027463048939395,0.7424961846206146,-0.7681728292955605,NA,22174.149999999998,1.2109378179984516,518.51,2062.9300000000003,-0.020816413833381973,0.24687016711433243,-1.1465248190195916
1984,45247,241800,Early Stuart,1.6759745685751308,early_stuart,-0.18722822400556066,0.40506206281564566,9.122413205,0.24660672080018975,-0.6665055998512622,1.1285031946840358,-0.7532628618976906,2120.52,26542.03,-0.5384080037437134,1310.78,2915.4,-0.2458444823613441,-0.9439874050594065,-0.7718412497837398
1985,237544,1206463,Early Stuart,1.6250953479021173,early_stuart,-0.046497688851932846,-0.20735903492281324,15.18024551,-0.5528427761713861,-0.6290710444155907,1.9256915850324055,-0.7078782305967896,NA,27781.22,-0.3650650613989747,3795.7599999999998,1607.46,0.8424060129788026,0.3732545031468694,-0.6073455232831187
1986,29004,145886,Early Stuart,1.6153917432809708,early_stuart,0.0873359213927342,-0.18137388723145492,11.82867065,-0.3579086766454907,-0.5907348741690505,0.9585761956887253,-0.5697899097861789,1723.52,34939.87,0.12940275896916822,3594.9900000000002,1263.73,0.6653347459404045,0.9044418047743957,-0.3739708042603379
1987,148438,525912,Early Stuart,1.2649665357168722,early_stuart,0.22091069145535694,0.6338510382604087,25.79031645,0.2731606638549736,-0.550760643795926,-0.5497881534177953,-0.4119704345149142,NA,29971.14,-0.2579956930684459,3616.16,1616.29,0.22265657834441469,0.9270604036584476,0.02805971903615465
1988,182129,379899,Early Stuart,0.7351902007067349,early_stuart,0.36169830858915214,0.4345553599466107,13.17829904,-0.05983161681099602,-0.5097324784168766,-0.4805586353085948,-0.362955032709941,1857.11,25524.960000000003,-0.2605666166403353,3229.8500000000004,2957.03,0.7833822572993357,0.18321163623447526,0.43545239766574567
1989,384819,1138369,Early Stuart,1.0845787213312217,early_stuart,0.4965118858955183,1.1587743039168599,26.92548964,0.6521692992024452,-0.4596907296014542,-1.3826402349133289,-0.03978669743355723,NA,28211.5,-0.5292287373989003,3464.32,2035.8,0.3554600286232119,-0.7164023276281221,-0.14588719318351395
1990,97049,166084,Early Stuart,0.5372776788710044,early_stuart,0.6241638729570539,-0.08251099585694494,36.90592358,-0.2719189248833969,-0.407118251104912,0.4676759763689398,-0.17620843506197084,3847.4,26982.07,0.96106190719667,3233.13,2706.44,1.4695334170731222,-0.1588655242078343,0.2951939226037243
1991,141152,143945,Early Stuart,0.019593958249669446,early_stuart,0.755160857139653,0.758461593992771,37.81799782,0.4592861772572254,-0.346855032914338,0.6564837530303957,-0.00612766923597089,NA,27831.460000000003,1.1587083392429707,3934.3,4199.320000000001,1.2592612874650262,-1.9242821443228484,0.9565373759303536
1992,66520,100366,Early Stuart,0.4113208501612669,early_stuart,0.886157841322252,0.5545046711318877,14.13927726,0.005956650370639317,-0.28376361076140166,0.9984356152061438,-0.06189868501163561,4749.88,25416.940000000002,0.857055534293709,3806.4300000000003,4073.36,0.8497839824387343,-1.719315665775616,0.4404879574144207
1993,688015,1813936,Early Stuart,0.9694437088847925,early_stuart,0.995263243482533,1.3256573819626185,22.33340593,0.9710802653473921,-0.217845022482123,-0.6337027208228869,0.04607209686355735,NA,22435.53,1.0923642956790587,4337.42,5912.14,0.9604535243377338,-1.1228375632456717,0.012726443451345652
1994,29519,29024,Early Stuart,-0.016911049887010036,early_stuart,1.090441034849864,0.927093875349991,40.94903857,0.5704137999517881,-0.14977534927092856,1.021512121242544,0.06005949142842524,2106.4500000000003,25623.01,-0.2930597615102905,3922.9500000000003,4603.92,1.336729966794325,-0.5382517137372397,0.34977408767449514
1995,122862,189580,Early Stuart,0.4337493247304174,early_stuart,1.1859818117740926,0.2447451957929584,26.46913575,-0.2211567856550677,-0.07005391655425015,0.6250157902534864,0.32334987380158736,317.40999999999997,24383.1,1.3236696576459894,4121.33,5060.41,1.3736198140939915,-1.0281659019371663,1.529459062687718
1996,88453,464146,Early Stuart,1.6577278204070065,early_stuart,1.2676393739530658,0.6510523126641572,26.6261213,0.15854061445412246,0.012330105105882089,1.6445777842253488,0.48950226498383714,981.99,24835.34,-0.5564731158082874,3678.94,1992.73,1.2998401194946585,0.9091054334102827,0.41225118817953266
1997,266946,147571,Early Stuart,-0.592736974857042,early_stuart,1.3309252712185444,1.8154127471784849,34.77952241,1.0874900727183459,0.10061903348722864,-0.7490852510048877,0.7138957863010794,NA,18787.45,1.5703841586490674,3983.8,6255.21,-0.7401684361768666,1.5032517216222832,-1.4442842947991894
1998,32590,28690,Early Stuart,-0.1274568628561967,early_stuart,1.3853645990476486,0.15541765121720919,36.76593431,-0.38756099883547074,0.1918590814580966,-1.4120103335051108,0.6930634965236167,1022.16,20582.04,0.45519745965257125,4491.07,6104.44,-0.23108854344147803,1.6433937621306869,0.04854780839684496
1999,24550,30566,Early Stuart,0.21917642586511502,early_stuart,1.4325910798055799,1.2192622028673572,54.33933313,0.5746372553915249,0.29934807201395847,0.11103906489730068,1.2585113619118928,NA,14553.88,-1.032898908964345,4156.84,6606.860000000001,-0.30855722277077685,2.4924073552939108,-0.16216105709842651
2000,89859,135874,Early Stuart,0.41348621055057616,early_stuart,1.4133671120122921,0.6425855638399186,40.53328563,0.2266145118685242,0.41292789108525685,-0.8518805960761249,1.740630068190318,2939.4900000000002,8046.72,-0.13267349637284354,4706.68,4629.41,-0.1978876808717774,1.929507378942353,0.32324149952097164
2001,170983,252001,Early Stuart,0.3878689194015556,early_stuart,1.394143144219004,1.4798645518175015,48.12116863,0.6729854238342687,0.5309334986407034,1.646675648410476,1.1825330250520891,NA,10810.640000000001,1.2404639518275022,4855.78,3745.72,0.5731101276912397,1.727105896144858,0.6887291844771556
2002,24637,24585,Early Stuart,-0.002112877142134851,early_stuart,1.3543347252184246,0.7698970378685563,31.05218501,0.36201461484044634,0.656313343780088,-0.048398613172373234,0.8912976139631591,4324.2,10834.58,1.1385917127875012,4785.07,5121.14,0.565732158231308,0.43271576825442837,1.3019071852412383
2003,13166,10031,Early Stuart,-0.27195745114433684,early_stuart,1.3298374564389737,2.145824688458584,60.23342207,1.215590527356215,0.7197970893185774,0.03971168260297286,1.1228336346326744,NA,11289.27,0.08835181628323778,4511.35,5241.37,1.0563671273168644,-1.3126472487262717,2.064182065609511
2004,9286,38319,Early Stuart,1.4174379671310195,early_stuart,1.2997839297005322,-0.14289605738805372,30.44836984,-0.5065882895283237,0.7832835038730184,-0.06308366246826427,1.3285971368060714,1347.47,10710.57,0.44185623740250884,3646.24,3982.72,0.36283799808314365,-0.8273966891622321,0.1213843297386308
2005,98537,82308,Early Stuart,-0.17996380385764213,early_stuart,1.2697304023332958,1.286358462947755,69.44185929,0.41562064515233116,0.8843118487727823,-0.46587358601270373,1.35978605064433,NA,11721.31,1.2160140555614731,4067.17,5687.23,-0.26060042128121014,-0.19897273047646227,-0.5871516501547972
2006,35816,111330,Early Stuart,1.1341040428019515,early_stuart,1.2289016212438093,-0.07210836824573383,27.1495779,-0.6696204539747842,0.9879559427861415,-1.057471286218599,1.4441270638290864,2868.05,7991.51,0.13992580672726587,3203.2799999999997,3009.57,-1.2123584816125912,0.9802257701075592,-1.0901500429874793
2007,5347,10985,Early Stuart,0.719995049869979,early_stuart,1.188072840154323,0.7683784712611401,65.00046501,0.3701949063678679,1.1550348557827386,-1.4770441232440568,1.315770398385948,NA,14500.359999999999,-1.5316398570273535,2769.27,2857.42,-0.2901122991209423,0.5530373870603122,0.01563512890347435
2008,29916,194888,Early Stuart,1.8740315802526657,early_stuart,1.1380550820059434,0.37520716693093153,44.60419958,-0.6258414753228656,1.332506734145927,0.04180954678810015,1.3839515067861867,2942.8500000000004,12884.98,0.44309674447571246,3018.08,3457.61,0.08247515860568312,1.6298692390866145,-0.4699485074923377
2009,45297,186975,Early Stuart,1.417734112947289,early_stuart,1.0880373244863586,1.0940074410576386,29.72435139,0.6584570462446842,1.5203715778757068,-1.3931295558389651,1.7403622244646078,NA,15208.710000000001,0.9843083536527012,3173.94,3141.94,-0.6922116346873024,0.6206600022806733,-0.15252602734077372
2010,60262,137444,Early Stuart,0.8245148387577812,early_stuart,1.038019566337979,-0.16792067561174587,74.72815116,-0.5455560146648467,1.636117264336513,-1.8252895779751865,1.6338794632878049,5858.38,8304.43,0.691456952462781,3280.2599999999998,3413.2,-0.8434600086159316,0.6446776897554913,-1.3454239279135205
2011,758,2366,Early Stuart,1.1382726588959604,early_stuart,1.0417608946260988,3.149096120648266,32.51378041,1.914773080811693,1.7534301362443243,-0.9357951634812163,1.4879046327757262,NA,9980.59,-1.5426598366100743,3285.1,2299.55,0.9715204785276313,1.0168352548992718,0.5282779389941813
2012,26233,20098,Early Stuart,-0.26639785256744797,early_stuart,1.0186212507600807,0.4050756113991662,28.19042902,-0.2540728214943093,1.873816887737627,-0.2749679451661205,0.9066242271565782,5324.360000000001,12591.67,0.5168595306341217,2971.96,1965.8899999999999,0.6358228681006725,-0.5219290135116352,2.0411370150315977
2013,86311,26513,Early Stuart,-1.1803218735656889,early_stuart,0.9954816068940625,2.23499005458738,92.14205459,1.1418261431484285,1.995801071069086,1.9047129431811327,2.0248420215828467,NA,15543,-0.5763856235680681,2562,2298.7599999999998,2.26266513401594,-0.7663031540321126,2.0202518942337706
2014,68613,110360,Early Stuart,0.4752657281977535,early_stuart,0.9570308128069157,-0.47567613540750514,49.20534487,-0.8180954890066834,2.02000425596398,1.1683626142014543,1.967047297657371,8341,12008.44,-1.543248500348534,2441.15,2202.57,2.5504059429533346,0.23707654697896982,2.176572346258332
2015,10096,5265,Early Stuart,-0.6510581602129184,early_stuart,0.9185800187197688,1.2523911714280642,81.604544,0.4545893787299925,2.044243023808147,0.6543858888452685,1.8259234146220442,NA,10783.27,-1.6820801957189182,2396.11,2201.82,1.9417234625088469,-0.6940169101758645,0.7906513280629321
2016,8612,18810,Early Stuart,0.7812320638108224,early_stuart,0.8801292246326219,-0.6096348413637508,NA,-0.9167532306605438,2.044243023808147,0.09635401560140967,1.8755637851203413,1516.4,10610.6,-0.20944885578101644,1830,2151,1.4658444323431563,-1.9210176042777272,0.9666259024712036
2017,15433,85851,Early Stuart,1.716105161580596,early_stuart,0.8424958636168289,0.9442861477286991,NA,0.2276765726581958,2.044243023808147,-0.1826619210205197,1.9279718741176441,NA,9382,-0.7804952068150611,1786.46,2228.9700000000003,1.6281597604616858,-1.4649147236879814,2.4269986314085066
2018,48489,286268,Early Stuart,1.7755914668917419,early_stuart,NA,NA,NA,NA,2.044243023808147,-0.7616724361156514,NA,526,13274,NA,1760,2249,NA,-1.908192625529038,NA
2019,89,1242,Early Stuart,2.635841892761284,early_stuart,NA,NA,NA,NA,2.044243023808147,NA,NA,NA,9875,NA,1931,2396,NA,NA,NA
1948,NA,30026,Gates,NA,early,-0.5521329908251326,NA,NA,NA,0.13826321035326256,-1.2945299391379828,-0.7681728292955605,NA,NA,NA,NA,NA,-1.6587256339385494,-1.3560189950400205,-1.517519770168949
1949,NA,590,Gates,NA,early,-0.5406371924870921,NA,NA,NA,0.11326008687108312,-1.1392879894385632,-0.7681728292955605,NA,NA,NA,NA,NA,-1.0057753367344635,-0.38225333586682037,-0.20621422282844457
1950,NA,300,Gates,NA,early,-0.5432907836517826,-1.0277360953001518,NA,-1.0277360953001518,0.08825696196778028,-1.1455815819939452,-0.7681728292955605,NA,NA,NA,NA,NA,-1.4189416264907213,-0.933727422060455,-0.7844155997665643
1951,NA,623,Gates,NA,early,-0.5673705613803303,-1.0392810768079217,NA,-1.0392810768079217,0.06325383848560084,-0.3651761051265939,-0.7681728292955605,NA,NA,NA,NA,NA,-0.6442548331977358,0.9492126396789108,-0.0386964759974767
1952,7070,38000,Gates,1.6817256798179043,early,-0.5858049875474535,-0.985636432899045,0,-0.985636432899045,0.038323823277363146,-0.5057330055301221,-0.7681728292955605,NA,NA,NA,NA,NA,-1.1127558939034945,0.9480467325199391,-0.5735626740973826
1953,74,7811,Gates,4.659223182406127,early,-0.6425219822764203,-0.8926380575557539,0,-0.8926380575557539,-0.12843677629889771,0.07747323793526406,-0.7681728292955605,NA,NA,NA,NA,NA,-1.411563657030787,0.13564262414842812,-1.0948881489638218
1954,45,698,Gates,2.7415566129920528,early,-0.6876255082335332,-0.9354212914074671,0,-0.9354212914074671,-0.2951973767278327,-2.26374319266679,-0.7681728292955605,NA,NA,NA,NA,NA,-1.5812569546092508,-0.045772529787575185,-0.15136629784277972
1955,77,2472,Gates,3.4689773967238975,early,-0.716260234310674,-1.1961246436143982,0,-1.196199370067259,-0.46188486831437675,-1.239985470324673,-0.7681728292955605,NA,NA,NA,NA,NA,-0.9098617337553302,-1.1706397567635132,1.0716142550755587
1956,7848,15438,Gates,0.6765732802646002,early,-0.7707994084454703,-1.0260506536535519,0,-1.0262020879424933,-0.6286454684590871,1.2375921323106547,-0.7681728292955605,158.4,75.2,NA,NA,NA,0.7612483489195353,-0.30040665330700395,1.3886441149095168
1957,891,1081,Gates,0.1932973901683989,early,-0.8215196993863103,-1.243129100484013,0.00557832,-1.243324894528639,-0.7954060686037974,0.8767594924687612,-0.7681728292955605,321,121.8,NA,NA,NA,-0.16099783357211353,-0.22112496649692545,0.4284685927223063
1958,81,526,Gates,1.8708520580652712,early,-0.86080459589152,-1.1977173625276618,0.01130455,-1.1977173625276618,-0.8122210348503619,1.0466864914640714,-0.7681728292955605,364.6,19.6,NA,NA,NA,-0.35282503953037503,0.801608793353088,-0.22960770887802334
1959,868,9315,Gates,2.373189568375339,early,-0.8899557878158436,-1.0277382308698424,0.014615997,-1.028241040853888,-0.8290360010969264,0.7592790981016329,-0.7681728292955605,NA,NA,NA,NA,NA,0.3001252576737109,1.3206706605273082,0.3587326036631307
1960,5449,83013,Gates,2.72356511643701,early,-0.9011386605126738,-0.4009039383276107,0,-0.4009039383276107,-0.8459240759016573,-0.9609695337027437,-0.7681728292955605,958.6,35.9,NA,NA,NA,-0.5999870164381376,0.030477798409176853,-0.12940564783714087
1961,252,13556,Gates,3.9851554452155185,early,-0.9079886163461494,-0.6880108307824199,0.037534697,-0.6903822333010645,-0.8627390421482218,0.1865621755618831,-0.7681728292955605,NA,NA,NA,NA,NA,0.263235410374047,-0.3283884251223258,0.3893655949734609
1962,1046,312,Gates,-1.209725456815386,early,-1.0128337324578498,-0.5845676716929467,0,-0.5845676716929467,-0.8795540083947864,0.27257460715210197,-0.7681728292955605,1055.2,28.6,-1.6357889915180734,NA,NA,-0.5040734134590041,0.6003732177145651,-0.6826794429438852
1963,4858,7449,Gates,0.4274529646141585,early,-1.2364423369085078,-1.0032398329857315,0.177024893,-1.0053978020452676,-0.8964420831995172,-0.3190230930537935,-0.7681728292955605,NA,NA,-1.5857313113848763,NA,NA,-0.6147429553580036,-0.6417842694539304,-1.4384123463468488
1964,19971,100140,Gates,1.6122879856151224,early,-1.3159955051734982,-0.578362537386547,0,-0.578362537386547,-0.9132570494460818,0.027124497492209115,-0.7681728292955605,1055.4,99.7,-1.125492252296161,NA,NA,-0.7180345277970687,-0.6793264799728206,-0.6552020377074885
1965,1679,2216,Gates,0.2775053907896336,early,-1.372343328577999,-1.4555175057983287,0.161092115,-1.4574377487911836,-0.9300720156926463,-0.14699822987335584,-0.7681728292955605,NA,NA,-0.8453757922304185,NA,NA,-0.264289406011176,-0.6280265649780639,0.5764036258827916
1966,592,310,Gates,-0.6469343374048137,early,-1.3515245799878357,-0.3513518547881198,0,-0.3513518547881198,-0.9469600904973771,0.09006042304602774,-0.7681728292955605,1310.8,1025.9,-1.298507146737114,NA,NA,-0.14255290992227898,-0.4524409468369194,0.5552790372152273
1967,1665,5339,Gates,1.165213246085642,early,-1.3352716886735605,-1.0470256407185208,0.14334589,-1.052941986042868,-0.9637750567439416,-0.39664406790350315,-0.7681728292955605,NA,227,-1.4546336490942944,NA,NA,-0.6258099095479038,-1.0682731082057941,-0.7083679948955908
1968,10289,78774,Gates,2.035507629786355,early,-1.3032893282161904,-0.8400375060194842,0,-0.8400375060194842,-0.940894898399456,1.3613661192331648,-0.7681728292955605,390,480.9,0.46396059115647137,NA,NA,-0.7512353903667667,0.1207190125135898,-0.7433288388387732
1969,881,3724,Gates,1.4414960124607783,early,-1.2668634991404335,-1.0412363916635416,0.441654415,-1.047688666252601,-0.917162051783302,-0.9777524471837621,-0.7681728292955605,NA,2703,-1.1688067255182115,NA,NA,-1.2566262983721919,0.1298130883535694,-2.1040698710131736
1970,803,154,Gates,-1.6514021115331325,early,-1.2257800099930785,-1.063386182915959,0,-1.063386182915959,-0.9015296029146654,-1.4980227650953297,-0.7681728292955605,332.7,3249.4,-1.3591352593256223,NA,NA,-1.3931187333809552,-0.3134648134874875,-1.2563255514734288
1971,2299,7721,Gates,1.2114696435456342,early,-1.2335116599525848,-1.28016271013201,0.48166146,-1.2892479751027703,-0.8857550266387149,-0.10294308198568279,-0.7681728292955605,NA,1563.03,-0.6664074358318764,NA,NA,-1.0758660466038281,-0.24910673831224725,-1.214056942570731
1972,8569,128433,Gates,2.7072563278934294,early,-1.1865559415751636,-1.2073871990446894,0,-1.2073871990446894,-0.8695541050900313,-0.8917400155935432,-0.7681728292955605,655.8,2642.13,0.46596532834627175,NA,165.83,-1.0832440160637598,-0.17705367588779347,-0.5928032146851038
1973,899,13341,Gates,2.697314244707186,early,-1.137730035428525,-1.139852724805969,0.678213849,-1.1507405266036277,-0.8534952180071893,-0.05469220572775516,-0.7681728292955605,NA,13479.29,0.6254330593531193,NA,NA,-1.4890323363600857,0.7864520002864553,-1.7542740630945783
1974,1791,1413,Gates,-0.23705901937618437,early,-1.0845145708461514,-0.6922277953870182,0,-0.6922402551541765,-0.8566216818880477,-1.07215633551449,-0.7681728292955605,1129.7,6426.54,0.03792356351798675,NA,NA,-1.3931187333809552,1.244420332330556,-1.274011454741449
1975,4556,15915,Gates,1.2508170151491205,early,-1.023722511599447,-0.8753810800410187,0.812772992,-0.888695232611001,-0.859890158917896,1.5543696242648752,-0.7681728292955605,NA,7313.1500000000005,1.666802905036693,NA,NA,-0.8065701613162677,1.5393948435504072,0.23931879949167853
1976,17744,70221,Gates,1.3755999809878658,early,-0.9538250427343234,-0.15258252970093936,9.30121e-4,-0.15728443741321754,-0.8625379203543514,0.7320068636949781,-0.7681728292955605,1538.2,7171.98,-0.36502861163188755,NA,NA,0.4513736316023427,0.9902525716747163,-0.48674304682117353
1977,2889,20634,Gates,1.966029779194086,early,-0.8839275738691998,-0.3334807506857395,0.993899762,-0.3644130402736091,-0.8653803781171826,-0.285457266091757,-0.7681728292955605,NA,7256.24,0.9321578493925758,NA,NA,-0.8065701613162677,-0.5072385833085913,0.3501444325098262
1978,2570,1058,Gates,-0.8875255654710208,early,-0.7953647030619272,-0.20095192933398026,0.350996726,-0.23497483782920997,-0.8684090793642035,0.7152239502139598,-0.7681728292955605,1224.9,3661.65,0.0545082075426989,NA,16.32,-0.020816413833381973,-1.1659761281276264,-0.39278284471422165
1979,5025,16400,Gates,1.1828558808850131,early,-0.6996402413810295,-0.11501939669354855,2.309091401,-0.17849357009657565,-0.8366521776092972,1.2921366011239643,-0.7681728292955605,NA,3509.29,1.6605456950200435,8.9,12.96,0.08616414333564898,-0.4615350226768989,0.8986538062796064
1980,25494,78135,Gates,1.119994969504535,early,-0.6019874764638267,-0.3111547225560138,2.539805717,-0.411953910668659,-0.8036369173821577,0.45928451962843064,-0.7681728292955605,1029.8,5731.63,-0.2274307408774076,82.17999999999999,34.11,-0.20526565033171174,-0.19967227477184535,-1.3338118445393503
1981,4809,17717,Gates,1.3040354683227746,early,-0.5261110141268617,0.08475850750953755,4.738338745,-0.02907038579269715,-0.7694941425121448,0.8746616282836339,-0.7681728292955605,NA,5461.660000000001,1.762605042864426,117.32,126.13,1.0526781425868987,0.3711558702607203,0.91876510083095
1982,2209,6340,Gates,1.0543388440111545,early,-0.4292518641676974,0.1670719755810049,7.52464633,0.04486930883398732,-0.7337818635734266,1.8103090548504046,-0.7681728292955605,1835.4,12507.16,0.23505605384835643,276.46,596.71,0.6210669291808064,0.12678172974024285,0.5102867615373122
1983,8425,26556,Gates,1.1480522346184876,early,-0.3184651027867885,0.7891503024468391,8.497312129,0.5857976981190268,-0.6967661485534836,0.7424961846206146,-0.7681728292955605,NA,22174.149999999998,1.2109378179984516,518.51,2062.9300000000003,-0.020816413833381973,0.24687016711433243,-1.1465248190195916
1984,29072,136189,Gates,1.5442681152170767,early,-0.18722822400556066,0.40506206281564566,9.122413205,0.24660672080018975,-0.6602625256993638,1.1285031946840358,-0.7532628618976906,2120.52,26542.03,-0.5384080037437134,1310.78,2915.4,-0.2458444823613441,-0.9439874050594065,-0.7718412497837398
1985,5804,125622,Gates,3.074730062909238,early,-0.046497688851932846,-0.20735903492281324,15.18024551,-0.5528427761713861,-0.6224341851563696,1.9256915850324055,-0.7078782305967896,NA,27781.22,-0.3650650613989747,3795.7599999999998,1607.46,0.8424060129788026,0.3732545031468694,-0.6073455232831187
1986,4816,21000,Gates,1.472578729716903,early,0.0873359213927342,-0.18137388723145492,11.82867065,-0.3579086766454907,-0.5835334192519741,0.9585761956887253,-0.5697899097861789,1723.52,34939.87,0.12940275896916822,3594.9900000000002,1263.73,0.6653347459404045,0.9044418047743957,-0.3739708042603379
1987,9822,26150,Gates,0.9792244228938791,early,0.22091069145535694,0.6338510382604087,25.79031645,0.2731606638549736,-0.5428553055711597,-0.5497881534177953,-0.4119704345149142,NA,29971.14,-0.2579956930684459,3616.16,1616.29,0.22265657834441469,0.9270604036584476,0.02805971903615465
1988,50357,309944,Gates,1.8172539996860457,early,0.36169830858915214,0.4345553599466107,13.17829904,-0.05983161681099602,-0.5009000444609656,-0.4805586353085948,-0.362955032709941,1857.11,25524.960000000003,-0.2605666166403353,3229.8500000000004,2957.03,0.7833822572993357,0.18321163623447526,0.43545239766574567
1989,19672,47315,Gates,0.8776310650463045,early,0.4965118858955183,1.1587743039168599,26.92548964,0.6521692992024452,-0.44997792053467894,-1.3826402349133289,-0.03978669743355723,NA,28211.5,-0.5292287373989003,3464.32,2035.8,0.3554600286232119,-0.7164023276281221,-0.14588719318351395
1990,6887,15123,Gates,0.7865811872060424,early,0.6241638729570539,-0.08251099585694494,36.90592358,-0.2719189248833969,-0.3963193395898333,0.4676759763689398,-0.17620843506197084,3847.4,26982.07,0.96106190719667,3233.13,2706.44,1.4695334170731222,-0.1588655242078343,0.2951939226037243
1991,17669,20443,Gates,0.14582883396835772,early,0.755160857139653,0.758461593992771,37.81799782,0.4592861772572254,-0.3349278328633635,0.6564837530303957,-0.00612766923597089,NA,27831.460000000003,1.1587083392429707,3934.3,4199.320000000001,1.2592612874650262,-1.9242821443228484,0.9565373759303536
1992,46649,183794,Gates,1.3711640743739295,early,0.886157841322252,0.5545046711318877,14.13927726,0.005956650370639317,-0.2704812145898618,0.9984356152061438,-0.06189868501163561,4749.88,25416.940000000002,0.857055534293709,3806.4300000000003,4073.36,0.8497839824387343,-1.719315665775616,0.4404879574144207
1993,18628,66967,Gates,1.2795341356210566,early,0.995263243482533,1.3256573819626185,22.33340593,0.9710802653473921,-0.2029926365561487,-0.6337027208228869,0.04607209686355735,NA,22435.53,1.0923642956790587,4337.42,5912.14,0.9604535243377338,-1.1228375632456717,0.012726443451345652
1994,4358,33549,Gates,2.040993820191733,early,1.090441034849864,0.927093875349991,40.94903857,0.5704137999517881,-0.13930215173328472,1.021512121242544,0.06005949142842524,2106.4500000000003,25623.01,-0.2930597615102905,3922.9500000000003,4603.92,1.336729966794325,-0.5382517137372397,0.34977408767449514
1995,17798,21489,Gates,0.1884550848657534,early,1.1859818117740926,0.2447451957929584,26.46913575,-0.2211567856550677,-0.06427208830842318,0.6250157902534864,0.32334987380158736,317.40999999999997,24383.1,1.3236696576459894,4121.33,5060.41,1.3736198140939915,-1.0281659019371663,1.529459062687718
1996,100453,197645,Gates,0.6767825357603596,early,1.2676393739530658,0.6510523126641572,26.6261213,0.15854061445412246,0.013439967579387048,1.6445777842253488,0.48950226498383714,981.99,24835.34,-0.5564731158082874,3678.94,1992.73,1.2998401194946585,0.9091054334102827,0.41225118817953266
1997,6867,12667,Gates,0.6122728568629561,early,1.3309252712185444,1.8154127471784849,34.77952241,1.0874900727183459,0.09696049174844101,-0.7490852510048877,0.7138957863010794,NA,18787.45,1.5703841586490674,3983.8,6255.21,-0.7401684361768666,1.5032517216222832,-1.4442842947991894
1998,8725,4404,Gates,-0.6836792492280573,early,1.3853645990476486,0.15541765121720919,36.76593431,-0.38756099883547074,0.1833683422420601,-1.4120103335051108,0.6930634965236167,1022.16,20582.04,0.45519745965257125,4491.07,6104.44,-0.23108854344147803,1.6433937621306869,0.04854780839684496
1999,4507,40134,Gates,2.186592111655815,early,1.4325910798055799,1.2192622028673572,54.33933313,0.5746372553915249,0.28588189972484285,0.11103906489730068,1.2585113619118928,NA,14553.88,-1.032898908964345,4156.84,6606.860000000001,-0.30855722277077685,2.4924073552939108,-0.16216105709842651
2000,89389,91378,Gates,0.022007117164813537,early,1.4133671120122921,0.6425855638399186,40.53328563,0.2266145118685242,0.3965593977893624,-0.8518805960761249,1.740630068190318,2939.4900000000002,8046.72,-0.13267349637284354,4706.68,4629.41,-0.1978876808717774,1.929507378942353,0.32324149952097164
2001,13329,49931,Gates,1.3206999397293333,early,1.394143144219004,1.4798645518175015,48.12116863,0.6729854238342687,0.5115566165424594,1.646675648410476,1.1825330250520891,NA,10810.640000000001,1.2404639518275022,4855.78,3745.72,0.5731101276912397,1.727105896144858,0.6887291844771556
2002,4681,11739,Gates,0.9194048695784515,early,1.3543347252184246,0.7698970378685563,31.05218501,0.36201461484044634,0.6337270752033264,-0.048398613172373234,0.8912976139631591,4324.2,10834.58,1.1385917127875012,4785.07,5121.14,0.565732158231308,0.43271576825442837,1.3019071852412383
2003,10435,4548,Gates,-0.8304779646408744,early,1.3298374564389737,2.145824688458584,60.23342207,1.215590527356215,0.696244159581429,0.03971168260297286,1.1228336346326744,NA,11289.27,0.08835181628323778,4511.35,5241.37,1.0563671273168644,-1.3126472487262717,2.064182065609511
2004,9921,48594,Gates,1.5888463438271425,early,1.2997839297005322,-0.14289605738805372,30.44836984,-0.5065882895283237,0.7587950539071513,-0.06308366246826427,1.3285971368060714,1347.47,10710.57,0.44185623740250884,3646.24,3982.72,0.36283799808314365,-0.8273966891622321,0.1213843297386308
2005,16412,15064,Gates,-0.08570498322508842,early,1.2697304023332958,1.286358462947755,69.44185929,0.41562064515233116,0.8657098818256511,-0.46587358601270373,1.35978605064433,NA,11721.31,1.2160140555614731,4067.17,5687.23,-0.26060042128121014,-0.19897273047646227,-0.5871516501547972
2006,3071,42385,Gates,2.6247912846016836,early,1.2289016212438093,-0.07210836824573383,27.1495779,-0.6696204539747842,0.9712631669100674,-1.057471286218599,1.4441270638290864,2868.05,7991.51,0.13992580672726587,3203.2799999999997,3009.57,-1.2123584816125912,0.9802257701075592,-1.0901500429874793
2007,2898,108606,Gates,3.62370581069398,early,1.188072840154323,0.7683784712611401,65.00046501,0.3701949063678679,1.1387136750164895,-1.4770441232440568,1.315770398385948,NA,14500.359999999999,-1.5316398570273535,2769.27,2857.42,-0.2901122991209423,0.5530373870603122,0.01563512890347435
2008,15018,79553,Gates,1.6671739845257545,early,1.1380550820059434,0.37520716693093153,44.60419958,-0.6258414753228656,1.317081284608051,0.04180954678810015,1.3839515067861867,2942.8500000000004,12884.98,0.44309674447571246,3018.08,3457.61,0.08247515860568312,1.6298692390866145,-0.4699485074923377
2009,10856,118379,Gates,2.3891734193214647,early,1.0880373244863586,1.0940074410576386,29.72435139,0.6584570462446842,1.506365997105876,-1.3931295558389651,1.7403622244646078,NA,15208.710000000001,0.9843083536527012,3173.94,3141.94,-0.6922116346873024,0.6206600022806733,-0.15252602734077372
2010,22431,36802,Gates,0.4951082608382945,early,1.038019566337979,-0.16792067561174587,74.72815116,-0.5455560146648467,1.6272328450294486,-1.8252895779751865,1.6338794632878049,5858.38,8304.43,0.691456952462781,3280.2599999999998,3413.2,-0.8434600086159316,0.6446776897554913,-1.3454239279135205
2011,57433,34525,Gates,-0.508935351723048,early,1.0417608946260988,3.149096120648266,32.51378041,1.914773080811693,1.7507041872917402,-0.9357951634812163,1.4879046327757262,NA,9980.59,-1.5426598366100743,3285.1,2299.55,0.9715204785276313,1.0168352548992718,0.5282779389941813
2012,31179,22972,Gates,-0.3054687082723443,early,1.0186212507600807,0.4050756113991662,28.19042902,-0.2540728214943093,1.878618147576063,-0.2749679451661205,0.9066242271565782,5324.360000000001,12591.67,0.5168595306341217,2971.96,1965.8899999999999,0.6358228681006725,-0.5219290135116352,2.0411370150315977
2013,57326,13112,Gates,-1.4752264315462758,early,0.9954816068940625,2.23499005458738,92.14205459,1.1418261431484285,2.0095197910796174,1.9047129431811327,2.0248420215828467,NA,15543,-0.5763856235680681,2562,2298.7599999999998,2.26266513401594,-0.7663031540321126,2.0202518942337706
2014,16928,9691,Gates,-0.5577714359234759,early,0.9570308128069157,-0.47567613540750514,49.20534487,-0.8180954890066834,2.0401469153368064,1.1683626142014543,1.967047297657371,8341,12008.44,-1.543248500348534,2441.15,2202.57,2.5504059429533346,0.23707654697896982,2.176572346258332
2015,20326,13411,Gates,-0.4158255889867716,early,0.9185800187197688,1.2523911714280642,81.604544,0.4545893787299925,2.071224846948623,0.6543858888452685,1.8259234146220442,NA,10783.27,-1.6820801957189182,2396.11,2201.82,1.9417234625088469,-0.6940169101758645,0.7906513280629321
2016,8797,9322,Gates,0.05796644368001177,early,0.8801292246326219,-0.6096348413637508,NA,-0.9167532306605438,2.071224846948623,0.09635401560140967,1.8755637851203413,1516.4,10610.6,-0.20944885578101644,1830,2151,1.4658444323431563,-1.9210176042777272,0.9666259024712036
2017,7040,50398,Gates,1.9683433215803166,early,0.8424958636168289,0.9442861477286991,NA,0.2276765726581958,2.071224846948623,-0.1826619210205197,1.9279718741176441,NA,9382,-0.7804952068150611,1786.46,2228.9700000000003,1.6281597604616858,-1.4649147236879814,2.4269986314085066
2018,4338,4846,Gates,0.11074020998965138,early,NA,NA,NA,NA,2.071224846948623,-0.7616724361156514,NA,526,13274,NA,1760,2249,NA,-1.908192625529038,NA
2019,9876,41650,Gates,1.4391937971299187,early,NA,NA,NA,NA,2.071224846948623,NA,NA,NA,9875,NA,1931,2396,NA,NA,NA
1948,16899,28330,Late Shuswap,0.5166668652617386,late,-0.5521329908251326,NA,NA,NA,0.10567326888915396,-1.2945299391379828,-0.7681728292955605,NA,NA,NA,NA,NA,-1.6587256339385494,-1.3560189950400205,-1.517519770168949
1949,21342,35378,Late Shuswap,0.5054131958269427,late,-0.5406371924870921,NA,NA,NA,0.08159736285630759,-1.1392879894385632,-0.7681728292955605,NA,NA,NA,NA,NA,-1.0057753367344635,-0.38225333586682037,-0.20621422282844457
1950,1304541,9347084,Late Shuswap,1.9692131682334792,late,-0.5432907836517826,-1.0277360953001518,NA,-1.0277360953001518,0.05752145682346147,-1.1455815819939452,-0.7681728292955605,NA,NA,NA,NA,NA,-1.4189416264907213,-0.933727422060455,-0.7844155997665643
1951,145104,522292,Late Shuswap,1.280776091752036,late,-0.5673705613803303,-1.0392810768079217,NA,-1.0392810768079217,0.0334455507906151,-0.3651761051265939,-0.7681728292955605,NA,NA,NA,NA,NA,-0.6442548331977358,0.9492126396789108,-0.0386964759974767
1952,10753,16451,Late Shuswap,0.42520148022889404,late,-0.5858049875474535,-0.985636432899045,0,-0.985636432899045,0.009440041879748283,-0.5057330055301221,-0.7681728292955605,NA,NA,NA,NA,NA,-1.1127558939034945,0.9480467325199391,-0.5735626740973826
1953,220364,29571,Late Shuswap,-2.008486573203078,late,-0.6425219822764203,-0.8926380575557539,0,-0.8926380575557539,-0.15113639819805155,0.07747323793526406,-0.7681728292955605,NA,NA,NA,NA,NA,-1.411563657030787,0.13564262414842812,-1.0948881489638218
1954,2031013,15154616,Late Shuswap,2.009770488650977,late,-0.6876255082335332,-0.9354212914074671,0,-0.9354212914074671,-0.3117128369074288,-2.26374319266679,-0.7681728292955605,NA,NA,NA,NA,NA,-1.5812569546092508,-0.045772529787575185,-0.15136629784277972
1955,64584,854404,Late Shuswap,2.5824374477501975,late,-0.716260234310674,-1.1961246436143982,0,-1.196199370067259,-0.472218878768511,-1.239985470324673,-0.7681728292955605,NA,NA,NA,NA,NA,-0.9098617337553302,-1.1706397567635132,1.0716142550755587
1956,4505,7419,Late Shuswap,0.49885638614708766,late,-0.7707994084454703,-1.0260506536535519,0,-1.0262020879424933,-0.6327953180252572,1.2375921323106547,-0.7681728292955605,158.4,75.2,NA,NA,NA,0.7612483489195353,-0.30040665330700395,1.3886441149095168
1957,307228,3147,Late Shuswap,-4.581140524871052,late,-0.8215196993863103,-1.243129100484013,0.00557832,-1.243324894528639,-0.7933717572820035,0.8767594924687612,-0.7681728292955605,321,121.8,NA,NA,NA,-0.16099783357211353,-0.22112496649692545,0.4284685927223063
1958,2299974,2089362,Late Shuswap,-0.09603906230684044,late,-0.86080459589152,-1.1977173625276618,0.01130455,-1.1977173625276618,-0.8095631562320711,1.0466864914640714,-0.7681728292955605,364.6,19.6,NA,NA,NA,-0.35282503953037503,0.801608793353088,-0.22960770887802334
1959,135090,374623,Late Shuswap,1.0199789639689811,late,-0.8899557878158436,-1.0277382308698424,0.014615997,-1.028241040853888,-0.8257545551821387,0.7592790981016329,-0.7681728292955605,NA,NA,NA,NA,NA,0.3001252576737109,1.3206706605273082,0.3587326036631307
1960,1914,2348,Late Shuswap,0.20436860893508751,late,-0.9011386605126738,-0.4009039383276107,0,-0.4009039383276107,-0.8420163515278702,-0.9609695337027437,-0.7681728292955605,958.6,35.9,NA,NA,NA,-0.5999870164381376,0.030477798409176853,-0.12940564783714087
1961,65857,7943,Late Shuswap,-2.1151946870905904,late,-0.9079886163461494,-0.6880108307824199,0.037534697,-0.6903822333010645,-0.8582077504779378,0.1865621755618831,-0.7681728292955605,NA,NA,NA,NA,NA,0.263235410374047,-0.3283884251223258,0.3893655949734609
1962,1151142,2834764,Late Shuswap,0.9012041954528068,late,-1.0128337324578498,-0.5845676716929467,0,-0.5845676716929467,-0.8743991494280055,0.27257460715210197,-0.7681728292955605,1055.2,28.6,-1.6357889915180734,NA,NA,-0.5040734134590041,0.6003732177145651,-0.6826794429438852
1963,158581,3052418,Late Shuswap,2.95742383860736,late,-1.2364423369085078,-1.0032398329857315,0.177024893,-1.0053978020452676,-0.8906609457737371,-0.3190230930537935,-0.7681728292955605,NA,NA,-1.5857313113848763,NA,NA,-0.6147429553580036,-0.6417842694539304,-1.4384123463468488
1964,716,17280,Late Shuswap,3.1836248753974012,late,-1.3159955051734982,-0.578362537386547,0,-0.578362537386547,-0.9068523447238047,0.027124497492209115,-0.7681728292955605,1055.4,99.7,-1.125492252296161,NA,NA,-0.7180345277970687,-0.6793264799728206,-0.6552020377074885
1965,59529,24312,Late Shuswap,-0.8954935331567329,late,-1.372343328577999,-1.4555175057983287,0.161092115,-1.4574377487911836,-0.9230437436738723,-0.14699822987335584,-0.7681728292955605,NA,NA,-0.8453757922304185,NA,NA,-0.264289406011176,-0.6280265649780639,0.5764036258827916
1966,1322480,3950880,Late Shuswap,1.0944295771476868,late,-1.3515245799878357,-0.3513518547881198,0,-0.3513518547881198,-0.9393055400196038,0.09006042304602774,-0.7681728292955605,1310.8,1025.9,-1.298507146737114,NA,NA,-0.14255290992227898,-0.4524409468369194,0.5552790372152273
1967,845930,3118268,Late Shuswap,1.3045963845915858,late,-1.3352716886735605,-1.0470256407185208,0.14334589,-1.052941986042868,-0.9554969389696714,-0.39664406790350315,-0.7681728292955605,NA,227,-1.4546336490942944,NA,NA,-0.6258099095479038,-1.0682731082057941,-0.7083679948955908
1968,3998,21739,Late Shuswap,1.6933136463968337,late,-1.3032893282161904,-0.8400375060194842,0,-0.8400375060194842,-0.9334556687727138,1.3613661192331648,-0.7681728292955605,390,480.9,0.46396059115647137,NA,NA,-0.7512353903667667,0.1207190125135898,-0.7433288388387732
1969,55319,28235,Late Shuswap,-0.6725540868633982,late,-1.2668634991404335,-1.0412363916635416,0.441654415,-1.047688666252601,-0.9105914296176851,-0.9777524471837621,-0.7681728292955605,NA,2703,-1.1688067255182115,NA,NA,-1.2566262983721919,0.1298130883535694,-2.1040698710131736
1970,1556824,5407194,Late Shuswap,1.2450824406025771,late,-1.2257800099930785,-1.063386182915959,0,-1.063386182915959,-0.8955263903666627,-1.4980227650953297,-0.7681728292955605,332.7,3249.4,-1.3591352593256223,NA,NA,-1.3931187333809552,-0.3134648134874875,-1.2563255514734288
1971,290293,680658,Late Shuswap,0.8521692196070617,late,-1.2335116599525848,-1.28016271013201,0.48166146,-1.2892479751027703,-0.8803224550103932,-0.10294308198568279,-0.7681728292955605,NA,1563.03,-0.6664074358318764,NA,NA,-1.0758660466038281,-0.24910673831224725,-1.214056942570731
1972,4698,40407,Late Shuswap,2.1518661510480666,late,-1.1865559415751636,-1.2073871990446894,0,-1.2073871990446894,-0.8647068851959931,-0.8917400155935432,-0.7681728292955605,655.8,2642.13,0.46596532834627175,NA,165.83,-1.0832440160637598,-0.17705367588779347,-0.5928032146851038
1973,47998,64051,Late Shuswap,0.28852029765021825,late,-1.137730035428525,-1.139852724805969,0.678213849,-1.1507405266036277,-0.8492175649375396,-0.05469220572775516,-0.7681728292955605,NA,13479.29,0.6254330593531193,NA,NA,-1.4890323363600857,0.7864520002864553,-1.7542740630945783
1974,1157533,6905212,Late Shuswap,1.7859854724884392,late,-1.0845145708461514,-0.6922277953870182,0,-0.6922402551541765,-0.8522270555863847,-1.07215633551449,-0.7681728292955605,1129.7,6426.54,0.03792356351798675,NA,NA,-1.3931187333809552,1.244420332330556,-1.274011454741449
1975,168565,1023083,Late Shuswap,1.8032544644962951,late,-1.023722511599447,-0.8753810800410187,0.812772992,-0.888695232611001,-0.8553598881672596,1.5543696242648752,-0.7681728292955605,NA,7313.1500000000005,1.666802905036693,NA,NA,-0.8065701613162677,1.5393948435504072,0.23931879949167853
1976,5588,13592,Late Shuswap,0.8888599429749156,late,-0.9538250427343234,-0.15258252970093936,9.30121e-4,-0.15728443741321754,-0.8573138585131588,0.7320068636949781,-0.7681728292955605,1538.2,7171.98,-0.36502861163188755,NA,NA,0.4513736316023427,0.9902525716747163,-0.48674304682117353
1977,81775,93025,Late Shuswap,0.12889670080823867,late,-0.8839275738691998,-0.3334807506857395,0.993899762,-0.3644130402736091,-0.8593707967604911,-0.285457266091757,-0.7681728292955605,NA,7256.24,0.9321578493925758,NA,NA,-0.8065701613162677,-0.5072385833085913,0.3501444325098262
1978,1900403,9538024,Late Shuswap,1.6132203671792416,late,-0.7953647030619272,-0.20095192933398026,0.350996726,-0.23497483782920997,-0.8615144823143305,0.7152239502139598,-0.7681728292955605,1224.9,3661.65,0.0545082075426989,NA,16.32,-0.020816413833381973,-1.1659761281276264,-0.39278284471422165
1979,299713,1492323,Late Shuswap,1.6052638951773128,late,-0.6996402413810295,-0.11501939669354855,2.309091401,-0.17849357009657565,-0.8300582148953369,1.2921366011239643,-0.7681728292955605,NA,3509.29,1.6605456950200435,8.9,12.96,0.08616414333564898,-0.4615350226768989,0.8986538062796064
1980,2675,21794,Late Shuswap,2.0976853222067247,late,-0.6019874764638267,-0.3111547225560138,2.539805717,-0.411953910668659,-0.7972753816958658,0.45928451962843064,-0.7681728292955605,1029.8,5731.63,-0.2274307408774076,82.17999999999999,34.11,-0.20526565033171174,-0.19967227477184535,-1.3338118445393503
1981,46907,9466,Late Shuswap,-1.6004604865622907,late,-0.5261110141268617,0.08475850750953755,4.738338745,-0.02907038579269715,-0.7632814436296569,0.8746616282836339,-0.7681728292955605,NA,5461.660000000001,1.762605042864426,117.32,126.13,1.0526781425868987,0.3711558702607203,0.91876510083095
1982,3061258,9385022,Late Shuswap,1.1202890716095657,late,-0.4292518641676974,0.1670719755810049,7.52464633,0.04486930883398732,-0.7276359471259796,1.8103090548504046,-0.7681728292955605,1835.4,12507.16,0.23505605384835643,276.46,596.71,0.6210669291808064,0.12678172974024285,0.5102867615373122
1983,211424,1963829,Late Shuswap,2.2287858220665906,late,-0.3184651027867885,0.7891503024468391,8.497312129,0.5857976981190268,-0.6905778979676457,0.7424961846206146,-0.7681728292955605,NA,22174.149999999998,1.2109378179984516,518.51,2062.9300000000003,-0.020816413833381973,0.24687016711433243,-1.1465248190195916
1984,4339,33071,Late Shuswap,2.031012858607511,late,-0.18722822400556066,0.40506206281564566,9.122413205,0.24660672080018975,-0.6538249727940986,1.1285031946840358,-0.7532628618976906,2120.52,26542.03,-0.5384080037437134,1310.78,2915.4,-0.2458444823613441,-0.9439874050594065,-0.7718412497837398
1985,15200,14873,Late Shuswap,-0.021747939241769827,late,-0.046497688851932846,-0.20735903492281324,15.18024551,-0.5528427761713861,-0.6156195696002487,1.9256915850324055,-0.7078782305967896,NA,27781.22,-0.3650650613989747,3795.7599999999998,1607.46,0.8424060129788026,0.3732545031468694,-0.6073455232831187
1986,2356264,10878196,Late Shuswap,1.5296831050153699,late,0.0873359213927342,-0.18137388723145492,11.82867065,-0.3579086766454907,-0.5761741002479737,0.9585761956887253,-0.5697899097861789,1723.52,34939.87,0.12940275896916822,3594.9900000000002,1263.73,0.6653347459404045,0.9044418047743957,-0.3739708042603379
1987,603163,3895414,Late Shuswap,1.8653677674821327,late,0.22091069145535694,0.6338510382604087,25.79031645,0.2731606638549736,-0.5348157364849999,-0.5497881534177953,-0.4119704345149142,NA,29971.14,-0.2579956930684459,3616.16,1616.29,0.22265657834441469,0.9270604036584476,0.02805971903615465
1988,5059,8219,Late Shuswap,0.48527971185656393,late,0.36169830858915214,0.4345553599466107,13.17829904,-0.05983161681099602,-0.491960756100348,-0.4805586353085948,-0.362955032709941,1857.11,25524.960000000003,-0.2605666166403353,3229.8500000000004,2957.03,0.7833822572993357,0.18321163623447526,0.43545239766574567
1989,11653,12858,Late Shuswap,0.09840252812836864,late,0.4965118858955183,1.1587743039168599,26.92548964,0.6521692992024452,-0.4401902125751239,-1.3826402349133289,-0.03978669743355723,NA,28211.5,-0.5292287373989003,3464.32,2035.8,0.3554600286232119,-0.7164023276281221,-0.14588719318351395
1990,3721181,7748489,Late Shuswap,0.7334567655952314,late,0.6241638729570539,-0.08251099585694494,36.90592358,-0.2719189248833969,-0.3854824019564126,0.4676759763689398,-0.17620843506197084,3847.4,26982.07,0.96106190719667,3233.13,2706.44,1.4695334170731222,-0.1588655242078343,0.2951939226037243
1991,1255518,865419,Late Shuswap,-0.37208973269741497,late,0.755160857139653,0.758461593992771,37.81799782,0.4592861772572254,-0.32300508305241754,0.6564837530303957,-0.00612766923597089,NA,27831.460000000003,1.1587083392429707,3934.3,4199.320000000001,1.2592612874650262,-1.9242821443228484,0.9565373759303536
1992,13128,19909,Late Shuswap,0.4164245370098697,late,0.886157841322252,0.5545046711318877,14.13927726,0.005956650370639317,-0.2572517113843572,0.9984356152061438,-0.06189868501163561,4749.88,25416.940000000002,0.857055534293709,3806.4300000000003,4073.36,0.8497839824387343,-1.719315665775616,0.4404879574144207
1993,11366,15343,Late Shuswap,0.30003290108813896,late,0.995263243482533,1.3256573819626185,22.33340593,0.9710802653473921,-0.18824792434590742,-0.6337027208228869,0.04607209686355735,NA,22435.53,1.0923642956790587,4337.42,5912.14,0.9604535243377338,-1.1228375632456717,0.012726443451345652
1994,1370929,2609566,Late Shuswap,0.6436953117606523,late,1.090441034849864,0.927093875349991,40.94903857,0.5704137999517881,-0.12893142937667734,1.021512121242544,0.06005949142842524,2106.4500000000003,25623.01,-0.2930597615102905,3922.9500000000003,4603.92,1.336729966794325,-0.5382517137372397,0.34977408767449514
1995,428875,771116,Late Shuswap,0.5866733150235558,late,1.1859818117740926,0.2447451957929584,26.46913575,-0.2211567856550677,-0.05858827660829853,0.6250157902534864,0.32334987380158736,317.40999999999997,24383.1,1.3236696576459894,4121.33,5060.41,1.3736198140939915,-1.0281659019371663,1.529459062687718
1996,12484,61532,Late Shuswap,1.5951095402849718,late,1.2676393739530658,0.6510523126641572,26.6261213,0.15854061445412246,0.014455769768085656,1.6445777842253488,0.48950226498383714,981.99,24835.34,-0.5564731158082874,3678.94,1992.73,1.2998401194946585,0.9091054334102827,0.41225118817953266
1997,1446,34711,Late Shuswap,3.1782555158632877,late,1.3309252712185444,1.8154127471784849,34.77952241,1.0874900727183459,0.09321123766549969,-0.7490852510048877,0.7138957863010794,NA,18787.45,1.5703841586490674,3983.8,6255.21,-0.7401684361768666,1.5032517216222832,-1.4442842947991894
1998,1389583,7162272,Late Shuswap,1.6398235469398632,late,1.3853645990476486,0.15541765121720919,36.76593431,-0.38756099883547074,0.1747900004493911,-1.4120103335051108,0.6930634965236167,1022.16,20582.04,0.45519745965257125,4491.07,6104.44,-0.23108854344147803,1.6433937621306869,0.04854780839684496
1999,343540,698802,Late Shuswap,0.7100638870961538,late,1.4325910798055799,1.2192622028673572,54.33933313,0.5746372553915249,0.2723291170610118,0.11103906489730068,1.2585113619118928,NA,14553.88,-1.032898908964345,4156.84,6606.860000000001,-0.30855722277077685,2.4924073552939108,-0.16216105709842651
2000,855,1388,Late Shuswap,0.48451767212998964,late,1.4133671120122921,0.6425855638399186,40.53328563,0.2266145118685242,0.38009658490642595,-0.8518805960761249,1.740630068190318,2939.4900000000002,8046.72,-0.13267349637284354,4706.68,4629.41,-0.1978876808717774,1.929507378942353,0.32324149952097164
2001,23130,8802,Late Shuswap,-0.9661515078544481,late,1.394143144219004,1.4798645518175015,48.12116863,0.6729854238342687,0.49207738016552616,1.646675648410476,1.1825330250520891,NA,10810.640000000001,1.2404639518275022,4855.78,3745.72,0.5731101276912397,1.727105896144858,0.6887291844771556
2002,5532386,7442057,Late Shuswap,0.2965281019085956,late,1.3543347252184246,0.7698970378685563,31.05218501,0.36201461484044634,0.6110299605030238,-0.048398613172373234,0.8912976139631591,4324.2,10834.58,1.1385917127875012,4785.07,5121.14,0.565732158231308,0.43271576825442837,1.3019071852412383
2003,381278,132424,Late Shuswap,-1.0575198718899306,late,1.3298374564389737,2.145824688458584,60.23342207,1.215590527356215,0.6725736358662384,0.03971168260297286,1.1228336346326744,NA,11289.27,0.08835181628323778,4511.35,5241.37,1.0563671273168644,-1.3126472487262717,2.064182065609511
2004,3082,2025,Late Shuswap,-0.4200090363394215,late,1.2997839297005322,-0.14289605738805372,30.44836984,-0.5065882895283237,0.734182147082796,-0.06308366246826427,1.3285971368060714,1347.47,10710.57,0.44185623740250884,3646.24,3982.72,0.36283799808314365,-0.8273966891622321,0.1213843297386308
2005,63347,37432,Late Shuswap,-0.5261015961229458,late,1.2697304023332958,1.286358462947755,69.44185929,0.41562064515233116,0.8469451038492416,-0.46587358601270373,1.35978605064433,NA,11721.31,1.2160140555614731,4067.17,5687.23,-0.26060042128121014,-0.19897273047646227,-0.5871516501547972
2006,2897721,17581315,Late Shuswap,1.802912124397713,late,1.2289016212438093,-0.07210836824573383,27.1495779,-0.6696204539747842,0.954383593370581,-1.057471286218599,1.4441270638290864,2868.05,7991.51,0.13992580672726587,3203.2799999999997,3009.57,-1.2123584816125912,0.9802257701075592,-1.0901500429874793
2007,61043,126731,Late Shuswap,0.730488195986207,late,1.188072840154323,0.7683784712611401,65.00046501,0.3701949063678679,1.1221770918210272,-1.4770441232440568,1.315770398385948,NA,14500.359999999999,-1.5316398570273535,2769.27,2857.42,-0.2901122991209423,0.5530373870603122,0.01563512890347435
2008,164,8855,Late Shuswap,3.9888711223927356,late,1.1380550820059434,0.37520716693093153,44.60419958,-0.6258414753228656,1.3014081890122802,0.04180954678810015,1.3839515067861867,2942.8500000000004,12884.98,0.44309674447571246,3018.08,3457.61,0.08247515860568312,1.6298692390866145,-0.4699485074923377
2009,71344,387244,Late Shuswap,1.691541737424815,late,1.0880373244863586,1.0940074410576386,29.72435139,0.6584570462446842,1.4920768822074948,-1.3931295558389651,1.7403622244646078,NA,15208.710000000001,0.9843083536527012,3173.94,3141.94,-0.6922116346873024,0.6206600022806733,-0.15252602734077372
2010,7519076,8176972,Late Shuswap,0.08387865286336056,late,1.038019566337979,-0.16792067561174587,74.72815116,-0.5455560146648467,1.6180269849119016,-1.8252895779751865,1.6338794632878049,5858.38,8304.43,0.691456952462781,3280.2599999999998,3413.2,-0.8434600086159316,0.6446776897554913,-1.3454239279135205
2011,165695,12635,Late Shuswap,-2.5736780081219974,late,1.0417608946260988,3.149096120648266,32.51378041,1.914773080811693,1.747614779936623,-0.9357951634812163,1.4879046327757262,NA,9980.59,-1.5426598366100743,3285.1,2299.55,0.9715204785276313,1.0168352548992718,0.5282779389941813
2012,12,300,Late Shuswap,3.2188758248682006,late,1.0186212507600807,0.4050756113991662,28.19042902,-0.2540728214943093,1.8830083382595215,-0.2749679451661205,0.9066242271565782,5324.360000000001,12591.67,0.5168595306341217,2971.96,1965.8899999999999,0.6358228681006725,-0.5219290135116352,2.0411370150315977
2013,185245,28017,Late Shuswap,-1.8888678044629479,late,0.9954816068940625,2.23499005458738,92.14205459,1.1418261431484285,2.0227744002581725,1.9047129431811327,2.0248420215828467,NA,15543,-0.5763856235680681,2562,2298.7599999999998,2.26266513401594,-0.7663031540321126,2.0202518942337706
2014,2207956,4302762,Late Shuswap,0.6671899413980698,late,0.9570308128069157,-0.47567613540750514,49.20534487,-0.8180954890066834,2.05979762799273,1.1683626142014543,1.967047297657371,8341,12008.44,-1.543248500348534,2441.15,2202.57,2.5504059429533346,0.23707654697896982,2.176572346258332
2015,9688,1671,Late Shuswap,-1.7574657566375345,late,0.9185800187197688,1.2523911714280642,81.604544,0.4545893787299925,2.0976853387894123,0.6543858888452685,1.8259234146220442,NA,10783.27,-1.6820801957189182,2396.11,2201.82,1.9417234625088469,-0.6940169101758645,0.7906513280629321
2016,49,59,Late Shuswap,0.18571714579509285,late,0.8801292246326219,-0.6096348413637508,NA,-0.9167532306605438,2.0976853387894123,0.09635401560140967,1.8755637851203413,1516.4,10610.6,-0.20944885578101644,1830,2151,1.4658444323431563,-1.9210176042777272,0.9666259024712036
2017,22644,50100,Late Shuswap,0.7941260919164056,late,0.8424958636168289,0.9442861477286991,NA,0.2276765726581958,2.0976853387894123,-0.1826619210205197,1.9279718741176441,NA,9382,-0.7804952068150611,1786.46,2228.9700000000003,1.6281597604616858,-1.4649147236879814,2.4269986314085066
2018,1517302,1328198,Late Shuswap,-0.1331106213530572,late,NA,NA,NA,NA,2.0976853387894123,-0.7616724361156514,NA,526,13274,NA,1760,2249,NA,-1.908192625529038,NA
2019,5263,29920,Late Shuswap,1.7378259467346346,late,NA,NA,NA,NA,2.0976853387894123,NA,NA,NA,9875,NA,1931,2396,NA,NA,NA
1948,1049,327,Late Stuart,-1.1656324374990439,summer,-0.5521329908251326,NA,NA,NA,0.12305986409464494,-1.2945299391379828,-0.7681728292955605,NA,NA,NA,NA,NA,-1.6587256339385494,-1.3560189950400205,-1.517519770168949
1949,107752,1526769,Late Stuart,2.651076726464845,summer,-0.5406371924870921,NA,NA,NA,0.09848904790357828,-1.1392879894385632,-0.7681728292955605,NA,NA,NA,NA,NA,-1.0057753367344635,-0.38225333586682037,-0.20621422282844457
1950,5843,39090,Late Stuart,1.9006223162325635,summer,-0.5432907836517826,-1.0277360953001518,NA,-1.0277360953001518,0.0739182317125116,-1.1455815819939452,-0.7681728292955605,NA,NA,NA,NA,NA,-1.4189416264907213,-0.933727422060455,-0.7844155997665643
1951,4402,63810,Late Stuart,2.6738509347759853,summer,-0.5673705613803303,-1.0392810768079217,NA,-1.0392810768079217,0.04934741412489294,-0.3651761051265939,-0.7681728292955605,NA,NA,NA,NA,NA,-0.6442548331977358,0.9492126396789108,-0.0386964759974767
1952,1975,3887,Late Stuart,0.6770692535170009,summer,-0.5858049875474535,-0.985636432899045,0,-0.985636432899045,0.02484844215610309,-0.5057330055301221,-0.7681728292955605,NA,NA,NA,NA,NA,-1.1127558939034945,0.9480467325199391,-0.5735626740973826
1953,369023,1551409,Late Stuart,1.4360598565303921,summer,-0.6425219822764203,-0.8926380575557539,0,-0.8926380575557539,-0.139028844736503,0.07747323793526406,-0.7681728292955605,NA,NA,NA,NA,NA,-1.411563657030787,0.13564262414842812,-1.0948881489638218
1954,5470,137815,Late Stuart,3.226633589632306,summer,-0.6876255082335332,-0.9354212914074671,0,-0.9354212914074671,-0.3029061321877301,-2.26374319266679,-0.7681728292955605,NA,NA,NA,NA,NA,-1.5812569546092508,-0.045772529787575185,-0.15136629784277972
1955,7618,51316,Late Stuart,1.9074887263306814,summer,-0.716260234310674,-1.1961246436143982,0,-1.196199370067259,-0.4667115751373699,-1.239985470324673,-0.7681728292955605,NA,NA,NA,NA,NA,-0.9098617337553302,-1.1706397567635132,1.0716142550755587
1956,1454,46102,Late Stuart,3.456537953898158,summer,-0.7707994084454703,-1.0260506536535519,0,-1.0262020879424933,-0.6305888625885969,1.2375921323106547,-0.7681728292955605,158.4,75.2,NA,NA,NA,0.7612483489195353,-0.30040665330700395,1.3886441149095168
1957,531130,1329010,Late Stuart,0.9171827707689895,summer,-0.8215196993863103,-1.243129100484013,0.00557832,-1.243324894528639,-0.7944661500398237,0.8767594924687612,-0.7681728292955605,321,121.8,NA,NA,NA,-0.16099783357211353,-0.22112496649692545,0.4284685927223063
1958,23638,54005,Late Stuart,0.8262210482803886,summer,-0.86080459589152,-1.1977173625276618,0.01130455,-1.1977173625276618,-0.8109903833100309,1.0466864914640714,-0.7681728292955605,364.6,19.6,NA,NA,NA,-0.35282503953037503,0.801608793353088,-0.22960770887802334
1959,8225,7325,Late Stuart,-0.11588514174830461,summer,-0.8899557878158436,-1.0277382308698424,0.014615997,-1.028241040853888,-0.8275146165802381,0.7592790981016329,-0.7681728292955605,NA,NA,NA,NA,NA,0.3001252576737109,1.3206706605273082,0.3587326036631307
1960,2961,9590,Late Stuart,1.1751938397758925,summer,-0.9011386605126738,-0.4009039383276107,0,-0.4009039383276107,-0.8441106943520325,-0.9609695337027437,-0.7681728292955605,958.6,35.9,NA,NA,NA,-0.5999870164381376,0.030477798409176853,-0.12940564783714087
1961,411105,778335,Late Stuart,0.6383083664394702,summer,-0.9079886163461494,-0.6880108307824199,0.037534697,-0.6903822333010645,-0.8606349276222396,0.1865621755618831,-0.7681728292955605,NA,NA,NA,NA,NA,0.263235410374047,-0.3283884251223258,0.3893655949734609
1962,18689,45024,Late Stuart,0.8792605654438129,summer,-1.0128337324578498,-0.5845676716929467,0,-0.5845676716929467,-0.8771591608924467,0.27257460715210197,-0.7681728292955605,1055.2,28.6,-1.6357889915180734,NA,NA,-0.5040734134590041,0.6003732177145651,-0.6826794429438852
1963,3237,12024,Late Stuart,1.3122576775065662,summer,-1.2364423369085078,-1.0032398329857315,0.177024893,-1.0053978020452676,-0.893755238664241,-0.3190230930537935,-0.7681728292955605,NA,NA,-1.5857313113848763,NA,NA,-0.6147429553580036,-0.6417842694539304,-1.4384123463468488
1964,1900,3041,Late Stuart,0.47033252252283275,summer,-1.3159955051734982,-0.578362537386547,0,-0.578362537386547,-0.9102794719344481,0.027124497492209115,-0.7681728292955605,1055.4,99.7,-1.125492252296161,NA,NA,-0.7180345277970687,-0.6793264799728206,-0.6552020377074885
1965,214958,1124291,Late Stuart,1.6544652335354129,summer,-1.372343328577999,-1.4555175057983287,0.161092115,-1.4574377487911836,-0.9268037052046553,-0.14699822987335584,-0.7681728292955605,NA,NA,-0.8453757922304185,NA,NA,-0.264289406011176,-0.6280265649780639,0.5764036258827916
1966,9032,73805,Late Stuart,2.100652653141599,summer,-1.3515245799878357,-0.3513518547881198,0,-0.3513518547881198,-0.9433997829764497,0.09006042304602774,-0.7681728292955605,1310.8,1025.9,-1.298507146737114,NA,NA,-0.14255290992227898,-0.4524409468369194,0.5552790372152273
1967,1642,16332,Late Stuart,2.2972113624270927,summer,-1.3352716886735605,-1.0470256407185208,0.14334589,-1.052941986042868,-0.9599240162466568,-0.39664406790350315,-0.7681728292955605,NA,227,-1.4546336490942944,NA,NA,-0.6258099095479038,-1.0682731082057941,-0.7083679948955908
1968,470,31299,Late Stuart,4.198608732431975,summer,-1.3032893282161904,-0.8400375060194842,0,-0.8400375060194842,-0.9374392999194162,1.3613661192331648,-0.7681728292955605,390,480.9,0.46396059115647137,NA,NA,-0.7512353903667667,0.1207190125135898,-0.7433288388387732
1969,207057,1622834,Late Stuart,2.0589351648758014,summer,-1.2668634991404335,-1.0412363916635416,0.441654415,-1.047688666252601,-0.9141166068507157,-0.9777524471837621,-0.7681728292955605,NA,2703,-1.1688067255182115,NA,NA,-1.2566262983721919,0.1298130883535694,-2.1040698710131736
1970,15055,70520,Late Stuart,1.5441861955959724,summer,-1.2257800099930785,-1.063386182915959,0,-1.063386182915959,-0.8987542413206164,-1.4980227650953297,-0.7681728292955605,332.7,3249.4,-1.3591352593256223,NA,NA,-1.3931187333809552,-0.3134648134874875,-1.2563255514734288
1971,1535,65527,Late Stuart,3.7539318904057604,summer,-1.2335116599525848,-1.28016271013201,0.48166146,-1.2892479751027703,-0.8832521718485408,-0.10294308198568279,-0.7681728292955605,NA,1563.03,-0.6664074358318764,NA,NA,-1.0758660466038281,-0.24910673831224725,-1.214056942570731
1972,8704,18766,Late Stuart,0.7682640317542712,summer,-1.1865559415751636,-1.2073871990446894,0,-1.2073871990446894,-0.8673311106540103,-0.8917400155935432,-0.7681728292955605,655.8,2642.13,0.46596532834627175,NA,165.83,-1.0832440160637598,-0.17705367588779347,-0.5928032146851038
1973,214343,665808,Late Stuart,1.1334238050479108,summer,-1.137730035428525,-1.139852724805969,0.678213849,-1.1507405266036277,-0.8515494539807023,-0.05469220572775516,-0.7681728292955605,NA,13479.29,0.6254330593531193,NA,NA,-1.4890323363600857,0.7864520002864553,-1.7542740630945783
1974,14627,49861,Late Stuart,1.2263699981465788,summer,-1.0845145708461514,-0.6922277953870182,0,-0.6922402551541765,-0.8546218438522216,-1.07215633551449,-0.7681728292955605,1129.7,6426.54,0.03792356351798675,NA,NA,-1.3931187333809552,1.244420332330556,-1.274011454741449
1975,14229,214575,Late Stuart,2.7133771920407295,summer,-1.023722511599447,-0.8753810800410187,0.812772992,-0.888695232611001,-0.8578335693949487,1.5543696242648752,-0.7681728292955605,NA,7313.1500000000005,1.666802905036693,NA,NA,-0.8065701613162677,1.5393948435504072,0.23931879949167853
1976,3000,3339,Late Stuart,0.10705907229340778,summer,-0.9538250427343234,-0.15258252970093936,9.30121e-4,-0.15728443741321754,-0.8601591610324582,0.7320068636949781,-0.7681728292955605,1538.2,7171.98,-0.36502861163188755,NA,NA,0.4513736316023427,0.9902525716747163,-0.48674304682117353
1977,146629,1357637,Late Stuart,2.2255953804472988,summer,-0.8839275738691998,-0.3334807506857395,0.993899762,-0.3644130402736091,-0.8626362432317085,-0.285457266091757,-0.7681728292955605,NA,7256.24,0.9321578493925758,NA,NA,-0.8065701613162677,-0.5072385833085913,0.3501444325098262
1978,13027,78748,Late Stuart,1.7992287538424137,summer,-0.7953647030619272,-0.20095192933398026,0.350996726,-0.23497483782920997,-0.8652527464314953,0.7152239502139598,-0.7681728292955605,1224.9,3661.65,0.0545082075426989,NA,16.32,-0.020816413833381973,-1.1659761281276264,-0.39278284471422165
1979,31918,6854,Late Stuart,-1.5383376905245776,summer,-0.6996402413810295,-0.11501939669354855,2.309091401,-0.17849357009657565,-0.8336360557493145,1.2921366011239643,-0.7681728292955605,NA,3509.29,1.6605456950200435,8.9,12.96,0.08616414333564898,-0.4615350226768989,0.8986538062796064
1980,979,21440,Late Stuart,3.086481972654228,summer,-0.6019874764638267,-0.3111547225560138,2.539805717,-0.411953910668659,-0.8007287119080768,0.45928451962843064,-0.7681728292955605,1029.8,5731.63,-0.2274307408774076,82.17999999999999,34.11,-0.20526565033171174,-0.19967227477184535,-1.3338118445393503
1981,249699,2033901,Late Stuart,2.0974547103856445,summer,-0.5261110141268617,0.08475850750953755,4.738338745,-0.02907038579269715,-0.7666542836463041,0.8746616282836339,-0.7681728292955605,NA,5461.660000000001,1.762605042864426,117.32,126.13,1.0526781425868987,0.3711558702607203,0.91876510083095
1982,16758,60796,Late Stuart,1.2886482411431202,summer,-0.4292518641676974,0.1670719755810049,7.52464633,0.04486930883398732,-0.7309714573126251,1.8103090548504046,-0.7681728292955605,1835.4,12507.16,0.23505605384835643,276.46,596.71,0.6210669291808064,0.12678172974024285,0.5102867615373122
1983,2246,17944,Late Stuart,2.078104940901656,summer,-0.3184651027867885,0.7891503024468391,8.497312129,0.5857976981190268,-0.6939336203733532,0.7424961846206146,-0.7681728292955605,NA,22174.149999999998,1.2109378179984516,518.51,2062.9300000000003,-0.020816413833381973,0.24687016711433243,-1.1465248190195916
1984,1228,14522,Late Stuart,2.4702779112331044,summer,-0.18722822400556066,0.40506206281564566,9.122413205,0.24660672080018975,-0.6573106949901453,1.1285031946840358,-0.7532628618976906,2120.52,26542.03,-0.5384080037437134,1310.78,2915.4,-0.2458444823613441,-0.9439874050594065,-0.7718412497837398
1985,274642,3499874,Late Stuart,2.545013815446155,summer,-0.046497688851932846,-0.20735903492281324,15.18024551,-0.5528427761713861,-0.6193023841344969,1.9256915850324055,-0.7078782305967896,NA,27781.22,-0.3650650613989747,3795.7599999999998,1607.46,0.8424060129788026,0.3732545031468694,-0.6073455232831187
1986,28715,816297,Late Stuart,3.3473586250148557,summer,0.0873359213927342,-0.18137388723145492,11.82867065,-0.3579086766454907,-0.5801424027426481,0.9585761956887253,-0.5697899097861789,1723.52,34939.87,0.12940275896916822,3594.9900000000002,1263.73,0.6653347459404045,0.9044418047743957,-0.3739708042603379
1987,6524,379087,Late Stuart,4.062278045431944,summer,0.22091069145535694,0.6338510382604087,25.79031645,0.2731606638549736,-0.5391405344444256,-0.5497881534177953,-0.4119704345149142,NA,29971.14,-0.2579956930684459,3616.16,1616.29,0.22265657834441469,0.9270604036584476,0.02805971903615465
1988,11459,207234,Late Stuart,2.895073142143381,summer,0.36169830858915214,0.4345553599466107,13.17829904,-0.05983161681099602,-0.4967579482299344,-0.4805586353085948,-0.362955032709941,1857.11,25524.960000000003,-0.2605666166403353,3229.8500000000004,2957.03,0.7833822572993357,0.18321163623447526,0.43545239766574567
1989,575791,5306868,Late Stuart,2.2210123620803772,summer,0.4965118858955183,1.1587743039168599,26.92548964,0.6521692992024452,-0.445430925883409,-1.3826402349133289,-0.03978669743355723,NA,28211.5,-0.5292287373989003,3464.32,2035.8,0.3554600286232119,-0.7164023276281221,-0.14588719318351395
1990,190060,389383,Late Stuart,0.7172236232938759,summer,0.6241638729570539,-0.08251099585694494,36.90592358,-0.2719189248833969,-0.3912721230996318,0.4676759763689398,-0.17620843506197084,3847.4,26982.07,0.96106190719667,3233.13,2706.44,1.4695334170731222,-0.1588655242078343,0.2951939226037243
1991,77322,109227,Late Stuart,0.3454497649618254,summer,0.755160857139653,0.758461593992771,37.81799782,0.4592861772572254,-0.3293614344511861,0.6564837530303957,-0.00612766923597089,NA,27831.460000000003,1.1587083392429707,3934.3,4199.320000000001,1.2592612874650262,-1.9242821443228484,0.9565373759303536
1992,23892,135399,Late Stuart,1.7346823000564697,summer,0.886157841322252,0.5545046711318877,14.13927726,0.005956650370639317,-0.26429050652448377,0.9984356152061438,-0.06189868501163561,4749.88,25416.940000000002,0.857055534293709,3806.4300000000003,4073.36,0.8497839824387343,-1.719315665775616,0.4404879574144207
1993,1805142,3760174,Late Stuart,0.7338259738762147,summer,0.995263243482533,1.3256573819626185,22.33340593,0.9710802653473921,-0.1960781236425112,-0.6337027208228869,0.04607209686355735,NA,22435.53,1.0923642956790587,4337.42,5912.14,0.9604535243377338,-1.1228375632456717,0.012726443451345652
1994,76715,115440,Late Stuart,0.40865365806844633,summer,1.090441034849864,0.927093875349991,40.94903857,0.5704137999517881,-0.13442699494101085,1.021512121242544,0.06005949142842524,2106.4500000000003,25623.01,-0.2930597615102905,3922.9500000000003,4603.92,1.336729966794325,-0.5382517137372397,0.34977408767449514
1995,34362,132088,Late Stuart,1.3465170644897562,summer,1.1859818117740926,0.2447451957929584,26.46913575,-0.2211567856550677,-0.06158218363975837,0.6250157902534864,0.32334987380158736,317.40999999999997,24383.1,1.3236696576459894,4121.33,5060.41,1.3736198140939915,-1.0281659019371663,1.529459062687718
1996,65898,1022393,Late Stuart,2.7417931449302,summer,1.2676393739530658,0.6510523126641572,26.6261213,0.15854061445412246,0.013953435668566803,1.6445777842253488,0.48950226498383714,981.99,24835.34,-0.5564731158082874,3678.94,1992.73,1.2998401194946585,0.9091054334102827,0.41225118817953266
1997,907652,430814,Late Stuart,-0.7451846027936155,summer,1.3309252712185444,1.8154127471784849,34.77952241,1.0874900727183459,0.09525227603824811,-0.7490852510048877,0.7138957863010794,NA,18787.45,1.5703841586490674,3983.8,6255.21,-0.7401684361768666,1.5032517216222832,-1.4442842947991894
1998,139421,276950,Late Stuart,0.6863388518744987,summer,1.3853645990476486,0.15541765121720919,36.76593431,-0.38756099883547074,0.1794085889334397,-1.4120103335051108,0.6930634965236167,1022.16,20582.04,0.45519745965257125,4491.07,6104.44,-0.23108854344147803,1.6433937621306869,0.04854780839684496
1999,62120,133599,Late Stuart,0.7657747777641059,summer,1.4325910798055799,1.2192622028673572,54.33933313,0.5746372553915249,0.2796028438137005,0.11103906489730068,1.2585113619118928,NA,14553.88,-1.032898908964345,4156.84,6606.860000000001,-0.30855722277077685,2.4924073552939108,-0.16216105709842651
2000,454478,911995,Late Stuart,0.696484999997665,summer,1.4133671120122921,0.6425855638399186,40.53328563,0.2266145118685242,0.3889235759408286,-0.8518805960761249,1.740630068190318,2939.4900000000002,8046.72,-0.13267349637284354,4706.68,4629.41,-0.1978876808717774,1.929507378942353,0.32324149952097164
2001,351881,505314,Late Stuart,0.36188696796878284,summer,1.394143144219004,1.4798645518175015,48.12116863,0.6729854238342687,0.5025144264820879,1.646675648410476,1.1825330250520891,NA,10810.640000000001,1.2404639518275022,4855.78,3745.72,0.5731101276912397,1.727105896144858,0.6887291844771556
2002,34521,125932,Late Stuart,1.2941742442213258,summer,1.3543347252184246,0.7698970378685563,31.05218501,0.36201461484044634,0.6231845891595509,-0.048398613172373234,0.8912976139631591,4324.2,10834.58,1.1385917127875012,4785.07,5121.14,0.565732158231308,0.43271576825442837,1.3019071852412383
2003,38474,21772,Late Stuart,-0.5693579479120361,summer,1.3298374564389737,2.145824688458584,60.23342207,1.215590527356215,0.6852478428768639,0.03971168260297286,1.1228336346326744,NA,11289.27,0.08835181628323778,4511.35,5241.37,1.0563671273168644,-1.3126472487262717,2.064182065609511
2004,83447,281958,Late Stuart,1.2175464238846303,summer,1.2997839297005322,-0.14289605738805372,30.44836984,-0.5065882895283237,0.7473593726045115,-0.06308366246826427,1.3285971368060714,1347.47,10710.57,0.44185623740250884,3646.24,3982.72,0.36283799808314365,-0.8273966891622321,0.1213843297386308
2005,293144,128561,Late Stuart,-0.8242604559950225,summer,1.2697304023332958,1.286358462947755,69.44185929,0.41562064515233116,0.8570009388175641,-0.46587358601270373,1.35978605064433,NA,11721.31,1.2160140555614731,4067.17,5687.23,-0.26060042128121014,-0.19897273047646227,-0.5871516501547972
2006,27515,162866,Late Stuart,1.7781964663075551,summer,1.2289016212438093,-0.07210836824573383,27.1495779,-0.6696204539747842,0.9634332424470369,-1.057471286218599,1.4441270638290864,2868.05,7991.51,0.13992580672726587,3203.2799999999997,3009.57,-1.2123584816125912,0.9802257701075592,-1.0901500429874793
2007,8707,12290,Late Stuart,0.3446586237314649,summer,1.188072840154323,0.7683784712611401,65.00046501,0.3701949063678679,1.1310437321560751,-1.4770441232440568,1.315770398385948,NA,14500.359999999999,-1.5316398570273535,2769.27,2857.42,-0.2901122991209423,0.5530373870603122,0.01563512890347435
2008,146658,194819,Late Stuart,0.28396757679723666,summer,1.1380550820059434,0.37520716693093153,44.60419958,-0.6258414753228656,1.3098140104265747,0.04180954678810015,1.3839515067861867,2942.8500000000004,12884.98,0.44309674447571246,3018.08,3457.61,0.08247515860568312,1.6298692390866145,-0.4699485074923377
2009,87001,253394,Late Stuart,1.069025976785833,summer,1.0880373244863586,1.0940074410576386,29.72435139,0.6584570462446842,1.499744075861983,-1.3931295558389651,1.7403622244646078,NA,15208.710000000001,0.9843083536527012,3173.94,3141.94,-0.6922116346873024,0.6206600022806733,-0.15252602734077372
2010,75289,310815,Late Stuart,1.4178638380796889,summer,1.038019566337979,-0.16792067561174587,74.72815116,-0.5455560146648467,1.6229810438992838,-1.8252895779751865,1.6338794632878049,5858.38,8304.43,0.691456952462781,3280.2599999999998,3413.2,-0.8434600086159316,0.6446776897554913,-1.3454239279135205
2011,4053,4850,Late Stuart,0.17952135730322025,summer,1.0417608946260988,3.149096120648266,32.51378041,1.914773080811693,1.749304236890375,-0.9357951634812163,1.4879046327757262,NA,9980.59,-1.5426598366100743,3285.1,2299.55,0.9715204785276313,1.0168352548992718,0.5282779389941813
2012,93159,36071,Late Stuart,-0.9488184923364319,summer,1.0186212507600807,0.4050756113991662,28.19042902,-0.2540728214943093,1.8807056184341042,-0.2749679451661205,0.9066242271565782,5324.360000000001,12591.67,0.5168595306341217,2971.96,1965.8899999999999,0.6358228681006725,-0.5219290135116352,2.0411370150315977
2013,132603,232841,Late Stuart,0.5629961152587983,summer,0.9954816068940625,2.23499005458738,92.14205459,1.1418261431484285,2.0157403591004774,1.9047129431811327,2.0248420215828467,NA,15543,-0.5763856235680681,2562,2298.7599999999998,2.26266513401594,-0.7663031540321126,2.0202518942337706
2014,50691,319966,Late Stuart,1.8424663601022186,summer,0.9570308128069157,-0.47567613540750514,49.20534487,-0.8180954890066834,2.0493496865195797,1.1683626142014543,1.967047297657371,8341,12008.44,-1.543248500348534,2441.15,2202.57,2.5504059429533346,0.23707654697896982,2.176572346258332
2015,11124,5835,Late Stuart,-0.645230670633199,summer,0.9185800187197688,1.2523911714280642,81.604544,0.4545893787299925,2.0836027001282043,0.6543858888452685,1.8259234146220442,NA,10783.27,-1.6820801957189182,2396.11,2201.82,1.9417234625088469,-0.6940169101758645,0.7906513280629321
2016,10066,11349,Late Stuart,0.11996622596483371,summer,0.8801292246326219,-0.6096348413637508,NA,-0.9167532306605438,2.0836027001282043,0.09635401560140967,1.8755637851203413,1516.4,10610.6,-0.20944885578101644,1830,2151,1.4658444323431563,-1.9210176042777272,0.9666259024712036
2017,147470,490519,Late Stuart,1.2018392489760394,summer,0.8424958636168289,0.9442861477286991,NA,0.2276765726581958,2.0836027001282043,-0.1826619210205197,1.9279718741176441,NA,9382,-0.7804952068150611,1786.46,2228.9700000000003,1.6281597604616858,-1.4649147236879814,2.4269986314085066
2018,112189,231936,Late Stuart,0.726276522473653,summer,NA,NA,NA,NA,2.0836027001282043,-0.7616724361156514,NA,526,13274,NA,1760,2249,NA,-1.908192625529038,NA
2019,5861,28000,Late Stuart,1.5638842726809117,summer,NA,NA,NA,NA,2.0836027001282043,NA,NA,NA,9875,NA,1931,2396,NA,NA,NA
1948,55380,122720,Pitt,0.7956868198761303,early,-0.5521329908251326,NA,NA,NA,0.13826321035326256,-1.2945299391379828,-0.7681728292955605,NA,NA,NA,NA,NA,-1.6587256339385494,-1.3560189950400205,-1.517519770168949
1949,9290,20778,Pitt,0.8049561818225928,early,-0.5406371924870921,NA,NA,NA,0.11326008687108312,-1.1392879894385632,-0.7681728292955605,NA,NA,NA,NA,NA,-1.0057753367344635,-0.38225333586682037,-0.20621422282844457
1950,40061,146275,Pitt,1.2950851191920212,early,-0.5432907836517826,-1.0277360953001518,NA,-1.0277360953001518,0.08825696196778028,-1.1455815819939452,-0.7681728292955605,NA,NA,NA,NA,NA,-1.4189416264907213,-0.933727422060455,-0.7844155997665643
1951,37837,120302,Pitt,1.1567177880895185,early,-0.5673705613803303,-1.0392810768079217,NA,-1.0392810768079217,0.06325383848560084,-0.3651761051265939,-0.7681728292955605,NA,NA,NA,NA,NA,-0.6442548331977358,0.9492126396789108,-0.0386964759974767
1952,48899,72178,Pitt,0.3893783439502695,early,-0.5858049875474535,-0.985636432899045,0,-0.985636432899045,0.038323823277363146,-0.5057330055301221,-0.7681728292955605,NA,NA,NA,NA,NA,-1.1127558939034945,0.9480467325199391,-0.5735626740973826
1953,18693,25807,Pitt,0.32249665072680833,early,-0.6425219822764203,-0.8926380575557539,0,-0.8926380575557539,-0.12843677629889771,0.07747323793526406,-0.7681728292955605,NA,NA,NA,NA,NA,-1.411563657030787,0.13564262414842812,-1.0948881489638218
1954,17624,51052,Pitt,1.0635831116204024,early,-0.6876255082335332,-0.9354212914074671,0,-0.9354212914074671,-0.2951973767278327,-2.26374319266679,-0.7681728292955605,NA,NA,NA,NA,NA,-1.5812569546092508,-0.045772529787575185,-0.15136629784277972
1955,17950,166932,Pitt,2.229996428931146,early,-0.716260234310674,-1.1961246436143982,0,-1.196199370067259,-0.46188486831437675,-1.239985470324673,-0.7681728292955605,NA,NA,NA,NA,NA,-0.9098617337553302,-1.1706397567635132,1.0716142550755587
1956,32094,70308,Pitt,0.7842164935734839,early,-0.7707994084454703,-1.0260506536535519,0,-1.0262020879424933,-0.6286454684590871,1.2375921323106547,-0.7681728292955605,158.4,75.2,NA,NA,NA,0.7612483489195353,-0.30040665330700395,1.3886441149095168
1957,12338,29207,Pitt,0.8617244757844937,early,-0.8215196993863103,-1.243129100484013,0.00557832,-1.243324894528639,-0.7954060686037974,0.8767594924687612,-0.7681728292955605,321,121.8,NA,NA,NA,-0.16099783357211353,-0.22112496649692545,0.4284685927223063
1958,10385,16523,Pitt,0.4643908923407782,early,-0.86080459589152,-1.1977173625276618,0.01130455,-1.1977173625276618,-0.8122210348503619,1.0466864914640714,-0.7681728292955605,364.6,19.6,NA,NA,NA,-0.35282503953037503,0.801608793353088,-0.22960770887802334
1959,15740,62483,Pitt,1.3786892767543895,early,-0.8899557878158436,-1.0277382308698424,0.014615997,-1.028241040853888,-0.8290360010969264,0.7592790981016329,-0.7681728292955605,NA,NA,NA,NA,NA,0.3001252576737109,1.3206706605273082,0.3587326036631307
1960,24510,33314,Pitt,0.3068965315148949,early,-0.9011386605126738,-0.4009039383276107,0,-0.4009039383276107,-0.8459240759016573,-0.9609695337027437,-0.7681728292955605,958.6,35.9,NA,NA,NA,-0.5999870164381376,0.030477798409176853,-0.12940564783714087
1961,11162,102961,Pitt,2.2218351233841758,early,-0.9079886163461494,-0.6880108307824199,0.037534697,-0.6903822333010645,-0.8627390421482218,0.1865621755618831,-0.7681728292955605,NA,NA,NA,NA,NA,0.263235410374047,-0.3283884251223258,0.3893655949734609
1962,16585,57229,Pitt,1.2385620905161978,early,-1.0128337324578498,-0.5845676716929467,0,-0.5845676716929467,-0.8795540083947864,0.27257460715210197,-0.7681728292955605,1055.2,28.6,-1.6357889915180734,NA,NA,-0.5040734134590041,0.6003732177145651,-0.6826794429438852
1963,12680,142867,Pitt,2.4218881785373534,early,-1.2364423369085078,-1.0032398329857315,0.177024893,-1.0053978020452676,-0.8964420831995172,-0.3190230930537935,-0.7681728292955605,NA,NA,-1.5857313113848763,NA,NA,-0.6147429553580036,-0.6417842694539304,-1.4384123463468488
1964,13804,192026,Pitt,2.632672374290682,early,-1.3159955051734982,-0.578362537386547,0,-0.578362537386547,-0.9132570494460818,0.027124497492209115,-0.7681728292955605,1055.4,99.7,-1.125492252296161,NA,NA,-0.7180345277970687,-0.6793264799728206,-0.6552020377074885
1965,6981,38984,Pitt,1.7199591325529409,early,-1.372343328577999,-1.4555175057983287,0.161092115,-1.4574377487911836,-0.9300720156926463,-0.14699822987335584,-0.7681728292955605,NA,NA,-0.8453757922304185,NA,NA,-0.264289406011176,-0.6280265649780639,0.5764036258827916
1966,20867,77636,Pitt,1.313862273387233,early,-1.3515245799878357,-0.3513518547881198,0,-0.3513518547881198,-0.9469600904973771,0.09006042304602774,-0.7681728292955605,1310.8,1025.9,-1.298507146737114,NA,NA,-0.14255290992227898,-0.4524409468369194,0.5552790372152273
1967,10300,67751,Pitt,1.8836953245628918,early,-1.3352716886735605,-1.0470256407185208,0.14334589,-1.052941986042868,-0.9637750567439416,-0.39664406790350315,-0.7681728292955605,NA,227,-1.4546336490942944,NA,NA,-0.6258099095479038,-1.0682731082057941,-0.7083679948955908
1968,16988,105543,Pitt,1.8266112403641221,early,-1.3032893282161904,-0.8400375060194842,0,-0.8400375060194842,-0.940894898399456,1.3613661192331648,-0.7681728292955605,390,480.9,0.46396059115647137,NA,NA,-0.7512353903667667,0.1207190125135898,-0.7433288388387732
1969,25084,61083,Pitt,0.8900034023770663,early,-1.2668634991404335,-1.0412363916635416,0.441654415,-1.047688666252601,-0.917162051783302,-0.9777524471837621,-0.7681728292955605,NA,2703,-1.1688067255182115,NA,NA,-1.2566262983721919,0.1298130883535694,-2.1040698710131736
1970,6657,55317,Pitt,2.117411342772571,early,-1.2257800099930785,-1.063386182915959,0,-1.063386182915959,-0.9015296029146654,-1.4980227650953297,-0.7681728292955605,332.7,3249.4,-1.3591352593256223,NA,NA,-1.3931187333809552,-0.3134648134874875,-1.2563255514734288
1971,15469,221248,Pitt,2.6604462230446315,early,-1.2335116599525848,-1.28016271013201,0.48166146,-1.2892479751027703,-0.8857550266387149,-0.10294308198568279,-0.7681728292955605,NA,1563.03,-0.6664074358318764,NA,NA,-1.0758660466038281,-0.24910673831224725,-1.214056942570731
1972,13412,123148,Pitt,2.217237055473401,early,-1.1865559415751636,-1.2073871990446894,0,-1.2073871990446894,-0.8695541050900313,-0.8917400155935432,-0.7681728292955605,655.8,2642.13,0.46596532834627175,NA,165.83,-1.0832440160637598,-0.17705367588779347,-0.5928032146851038
1973,11928,29165,Pitt,0.8940807827431637,early,-1.137730035428525,-1.139852724805969,0.678213849,-1.1507405266036277,-0.8534952180071893,-0.05469220572775516,-0.7681728292955605,NA,13479.29,0.6254330593531193,NA,NA,-1.4890323363600857,0.7864520002864553,-1.7542740630945783
1974,20792,135767,Pitt,1.8763718838367867,early,-1.0845145708461514,-0.6922277953870182,0,-0.6922402551541765,-0.8566216818880477,-1.07215633551449,-0.7681728292955605,1129.7,6426.54,0.03792356351798675,NA,NA,-1.3931187333809552,1.244420332330556,-1.274011454741449
1975,39942,85149,Pitt,0.756974261211905,early,-1.023722511599447,-0.8753810800410187,0.812772992,-0.888695232611001,-0.859890158917896,1.5543696242648752,-0.7681728292955605,NA,7313.1500000000005,1.666802905036693,NA,NA,-0.8065701613162677,1.5393948435504072,0.23931879949167853
1976,36530,105547,Pitt,1.0610225105346551,early,-0.9538250427343234,-0.15258252970093936,9.30121e-4,-0.15728443741321754,-0.8625379203543514,0.7320068636949781,-0.7681728292955605,1538.2,7171.98,-0.36502861163188755,NA,NA,0.4513736316023427,0.9902525716747163,-0.48674304682117353
1977,13887,34529,Pitt,0.9108463999409439,early,-0.8839275738691998,-0.3334807506857395,0.993899762,-0.3644130402736091,-0.8653803781171826,-0.285457266091757,-0.7681728292955605,NA,7256.24,0.9321578493925758,NA,NA,-0.8065701613162677,-0.5072385833085913,0.3501444325098262
1978,24835,34978,Pitt,0.3424653438676856,early,-0.7953647030619272,-0.20095192933398026,0.350996726,-0.23497483782920997,-0.8684090793642035,0.7152239502139598,-0.7681728292955605,1224.9,3661.65,0.0545082075426989,NA,16.32,-0.020816413833381973,-1.1659761281276264,-0.39278284471422165
1979,37558,38797,Pitt,0.032456519266270946,early,-0.6996402413810295,-0.11501939669354855,2.309091401,-0.17849357009657565,-0.8366521776092972,1.2921366011239643,-0.7681728292955605,NA,3509.29,1.6605456950200435,8.9,12.96,0.08616414333564898,-0.4615350226768989,0.8986538062796064
1980,17135,16905,Pitt,-0.01351371916672282,early,-0.6019874764638267,-0.3111547225560138,2.539805717,-0.411953910668659,-0.8036369173821577,0.45928451962843064,-0.7681728292955605,1029.8,5731.63,-0.2274307408774076,82.17999999999999,34.11,-0.20526565033171174,-0.19967227477184535,-1.3338118445393503
1981,25327,40270,Pitt,0.46373575450035076,early,-0.5261110141268617,0.08475850750953755,4.738338745,-0.02907038579269715,-0.7694941425121448,0.8746616282836339,-0.7681728292955605,NA,5461.660000000001,1.762605042864426,117.32,126.13,1.0526781425868987,0.3711558702607203,0.91876510083095
1982,8725,18228,Pitt,0.7367664053131453,early,-0.4292518641676974,0.1670719755810049,7.52464633,0.04486930883398732,-0.7337818635734266,1.8103090548504046,-0.7681728292955605,1835.4,12507.16,0.23505605384835643,276.46,596.71,0.6210669291808064,0.12678172974024285,0.5102867615373122
1983,16858,62031,Pitt,1.3028089385114523,early,-0.3184651027867885,0.7891503024468391,8.497312129,0.5857976981190268,-0.6967661485534836,0.7424961846206146,-0.7681728292955605,NA,22174.149999999998,1.2109378179984516,518.51,2062.9300000000003,-0.020816413833381973,0.24687016711433243,-1.1465248190195916
1984,15797,75887,Pitt,1.5694253431475078,early,-0.18722822400556066,0.40506206281564566,9.122413205,0.24660672080018975,-0.6602625256993638,1.1285031946840358,-0.7532628618976906,2120.52,26542.03,-0.5384080037437134,1310.78,2915.4,-0.2458444823613441,-0.9439874050594065,-0.7718412497837398
1985,3574,23182,Pitt,1.869690698729317,early,-0.046497688851932846,-0.20735903492281324,15.18024551,-0.5528427761713861,-0.6224341851563696,1.9256915850324055,-0.7078782305967896,NA,27781.22,-0.3650650613989747,3795.7599999999998,1607.46,0.8424060129788026,0.3732545031468694,-0.6073455232831187
1986,29195,40001,Pitt,0.3149069920659406,early,0.0873359213927342,-0.18137388723145492,11.82867065,-0.3579086766454907,-0.5835334192519741,0.9585761956887253,-0.5697899097861789,1723.52,34939.87,0.12940275896916822,3594.9900000000002,1263.73,0.6653347459404045,0.9044418047743957,-0.3739708042603379
1987,13662,22482,Pitt,0.4980967327299477,early,0.22091069145535694,0.6338510382604087,25.79031645,0.2731606638549736,-0.5428553055711597,-0.5497881534177953,-0.4119704345149142,NA,29971.14,-0.2579956930684459,3616.16,1616.29,0.22265657834441469,0.9270604036584476,0.02805971903615465
1988,37769,62489,Pitt,0.5035018809178539,early,0.36169830858915214,0.4345553599466107,13.17829904,-0.05983161681099602,-0.5009000444609656,-0.4805586353085948,-0.362955032709941,1857.11,25524.960000000003,-0.2605666166403353,3229.8500000000004,2957.03,0.7833822572993357,0.18321163623447526,0.43545239766574567
1989,16037,16684,Pitt,0.039551623808026945,early,0.4965118858955183,1.1587743039168599,26.92548964,0.6521692992024452,-0.44997792053467894,-1.3826402349133289,-0.03978669743355723,NA,28211.5,-0.5292287373989003,3464.32,2035.8,0.3554600286232119,-0.7164023276281221,-0.14588719318351395
1990,12207,9099,Pitt,-0.2938450403131088,early,0.6241638729570539,-0.08251099585694494,36.90592358,-0.2719189248833969,-0.3963193395898333,0.4676759763689398,-0.17620843506197084,3847.4,26982.07,0.96106190719667,3233.13,2706.44,1.4695334170731222,-0.1588655242078343,0.2951939226037243
1991,22500,33887,Pitt,0.4095161508024961,early,0.755160857139653,0.758461593992771,37.81799782,0.4592861772572254,-0.3349278328633635,0.6564837530303957,-0.00612766923597089,NA,27831.460000000003,1.1587083392429707,3934.3,4199.320000000001,1.2592612874650262,-1.9242821443228484,0.9565373759303536
1992,9135,100553,Pitt,2.3985717618461453,early,0.886157841322252,0.5545046711318877,14.13927726,0.005956650370639317,-0.2704812145898618,0.9984356152061438,-0.06189868501163561,4749.88,25416.940000000002,0.857055534293709,3806.4300000000003,4073.36,0.8497839824387343,-1.719315665775616,0.4404879574144207
1993,22850,103082,Pitt,1.5065736706616246,early,0.995263243482533,1.3256573819626185,22.33340593,0.9710802653473921,-0.2029926365561487,-0.6337027208228869,0.04607209686355735,NA,22435.53,1.0923642956790587,4337.42,5912.14,0.9604535243377338,-1.1228375632456717,0.012726443451345652
1994,9501,35008,Pitt,1.3041795505749036,early,1.090441034849864,0.927093875349991,40.94903857,0.5704137999517881,-0.13930215173328472,1.021512121242544,0.06005949142842524,2106.4500000000003,25623.01,-0.2930597615102905,3922.9500000000003,4603.92,1.336729966794325,-0.5382517137372397,0.34977408767449514
1995,5500,52971,Pitt,2.2649965017503457,early,1.1859818117740926,0.2447451957929584,26.46913575,-0.2211567856550677,-0.06427208830842318,0.6250157902534864,0.32334987380158736,317.40999999999997,24383.1,1.3236696576459894,4121.33,5060.41,1.3736198140939915,-1.0281659019371663,1.529459062687718
1996,50086,151946,Pitt,1.1097836666453655,early,1.2676393739530658,0.6510523126641572,26.6261213,0.15854061445412246,0.013439967579387048,1.6445777842253488,0.48950226498383714,981.99,24835.34,-0.5564731158082874,3678.94,1992.73,1.2998401194946585,0.9091054334102827,0.41225118817953266
1997,35830,96251,Pitt,0.9881738314074492,early,1.3309252712185444,1.8154127471784849,34.77952241,1.0874900727183459,0.09696049174844101,-0.7490852510048877,0.7138957863010794,NA,18787.45,1.5703841586490674,3983.8,6255.21,-0.7401684361768666,1.5032517216222832,-1.4442842947991894
1998,76888,133302,Pitt,0.5502674133020623,early,1.3853645990476486,0.15541765121720919,36.76593431,-0.38756099883547074,0.1833683422420601,-1.4120103335051108,0.6930634965236167,1022.16,20582.04,0.45519745965257125,4491.07,6104.44,-0.23108854344147803,1.6433937621306869,0.04854780839684496
1999,35977,142825,Pitt,1.37874025921978,early,1.4325910798055799,1.2192622028673572,54.33933313,0.5746372553915249,0.28588189972484285,0.11103906489730068,1.2585113619118928,NA,14553.88,-1.032898908964345,4156.84,6606.860000000001,-0.30855722277077685,2.4924073552939108,-0.16216105709842651
2000,42649,111273,Pitt,0.9589828142473296,early,1.4133671120122921,0.6425855638399186,40.53328563,0.2266145118685242,0.3965593977893624,-0.8518805960761249,1.740630068190318,2939.4900000000002,8046.72,-0.13267349637284354,4706.68,4629.41,-0.1978876808717774,1.929507378942353,0.32324149952097164
2001,131500,54820,Pitt,-0.8749517607431796,early,1.394143144219004,1.4798645518175015,48.12116863,0.6729854238342687,0.5115566165424594,1.646675648410476,1.1825330250520891,NA,10810.640000000001,1.2404639518275022,4855.78,3745.72,0.5731101276912397,1.727105896144858,0.6887291844771556
2002,90280,69145,Pitt,-0.2667102030327132,early,1.3543347252184246,0.7698970378685563,31.05218501,0.36201461484044634,0.6337270752033264,-0.048398613172373234,0.8912976139631591,4324.2,10834.58,1.1385917127875012,4785.07,5121.14,0.565732158231308,0.43271576825442837,1.3019071852412383
2003,78244,13857,Pitt,-1.731041629047535,early,1.3298374564389737,2.145824688458584,60.23342207,1.215590527356215,0.696244159581429,0.03971168260297286,1.1228336346326744,NA,11289.27,0.08835181628323778,4511.35,5241.37,1.0563671273168644,-1.3126472487262717,2.064182065609511
2004,60942,40142,Pitt,-0.41749942444811783,early,1.2997839297005322,-0.14289605738805372,30.44836984,-0.5065882895283237,0.7587950539071513,-0.06308366246826427,1.3285971368060714,1347.47,10710.57,0.44185623740250884,3646.24,3982.72,0.36283799808314365,-0.8273966891622321,0.1213843297386308
2005,62062,8260,Pitt,-2.0167092978452885,early,1.2697304023332958,1.286358462947755,69.44185929,0.41562064515233116,0.8657098818256511,-0.46587358601270373,1.35978605064433,NA,11721.31,1.2160140555614731,4067.17,5687.23,-0.26060042128121014,-0.19897273047646227,-0.5871516501547972
2006,38816,66897,Pitt,0.5443215903177362,early,1.2289016212438093,-0.07210836824573383,27.1495779,-0.6696204539747842,0.9712631669100674,-1.057471286218599,1.4441270638290864,2868.05,7991.51,0.13992580672726587,3203.2799999999997,3009.57,-1.2123584816125912,0.9802257701075592,-1.0901500429874793
2007,41838,81536,Pitt,0.6672396230427148,early,1.188072840154323,0.7683784712611401,65.00046501,0.3701949063678679,1.1387136750164895,-1.4770441232440568,1.315770398385948,NA,14500.359999999999,-1.5316398570273535,2769.27,2857.42,-0.2901122991209423,0.5530373870603122,0.01563512890347435
2008,16921,81090,Pitt,1.5670041948699764,early,1.1380550820059434,0.37520716693093153,44.60419958,-0.6258414753228656,1.317081284608051,0.04180954678810015,1.3839515067861867,2942.8500000000004,12884.98,0.44309674447571246,3018.08,3457.61,0.08247515860568312,1.6298692390866145,-0.4699485074923377
2009,31042,58388,Pitt,0.6317692630393388,early,1.0880373244863586,1.0940074410576386,29.72435139,0.6584570462446842,1.506365997105876,-1.3931295558389651,1.7403622244646078,NA,15208.710000000001,0.9843083536527012,3173.94,3141.94,-0.6922116346873024,0.6206600022806733,-0.15252602734077372
2010,16818,47629,Pitt,1.0409920780105504,early,1.038019566337979,-0.16792067561174587,74.72815116,-0.5455560146648467,1.6272328450294486,-1.8252895779751865,1.6338794632878049,5858.38,8304.43,0.691456952462781,3280.2599999999998,3413.2,-0.8434600086159316,0.6446776897554913,-1.3454239279135205
2011,56006,99175,Pitt,0.5714271385474877,early,1.0417608946260988,3.149096120648266,32.51378041,1.914773080811693,1.7507041872917402,-0.9357951634812163,1.4879046327757262,NA,9980.59,-1.5426598366100743,3285.1,2299.55,0.9715204785276313,1.0168352548992718,0.5282779389941813
2012,78038,55907,Pitt,-0.3335062916085468,early,1.0186212507600807,0.4050756113991662,28.19042902,-0.2540728214943093,1.878618147576063,-0.2749679451661205,0.9066242271565782,5324.360000000001,12591.67,0.5168595306341217,2971.96,1965.8899999999999,0.6358228681006725,-0.5219290135116352,2.0411370150315977
2013,59279,26259,Pitt,-0.8142463243313195,early,0.9954816068940625,2.23499005458738,92.14205459,1.1418261431484285,2.0095197910796174,1.9047129431811327,2.0248420215828467,NA,15543,-0.5763856235680681,2562,2298.7599999999998,2.26266513401594,-0.7663031540321126,2.0202518942337706
2014,36507,6011,Pitt,-1.8039128989657476,early,0.9570308128069157,-0.47567613540750514,49.20534487,-0.8180954890066834,2.0401469153368064,1.1683626142014543,1.967047297657371,8341,12008.44,-1.543248500348534,2441.15,2202.57,2.5504059429533346,0.23707654697896982,2.176572346258332
2015,38478,6365,Pitt,-1.799272417385411,early,0.9185800187197688,1.2523911714280642,81.604544,0.4545893787299925,2.071224846948623,0.6543858888452685,1.8259234146220442,NA,10783.27,-1.6820801957189182,2396.11,2201.82,1.9417234625088469,-0.6940169101758645,0.7906513280629321
2016,58241,25887,Pitt,-0.8108486618764124,early,0.8801292246326219,-0.6096348413637508,NA,-0.9167532306605438,2.071224846948623,0.09635401560140967,1.8755637851203413,1516.4,10610.6,-0.20944885578101644,1830,2151,1.4658444323431563,-1.9210176042777272,0.9666259024712036
2017,34159,39333,Pitt,0.14103776669818113,early,0.8424958636168289,0.9442861477286991,NA,0.2276765726581958,2.071224846948623,-0.1826619210205197,1.9279718741176441,NA,9382,-0.7804952068150611,1786.46,2228.9700000000003,1.6281597604616858,-1.4649147236879814,2.4269986314085066
2018,13949,29223,Pitt,0.7395482493468302,early,NA,NA,NA,NA,2.071224846948623,-0.7616724361156514,NA,526,13274,NA,1760,2249,NA,-1.908192625529038,NA
2019,3507,16000,Pitt,1.5178277510817402,early,NA,NA,NA,NA,2.071224846948623,NA,NA,NA,9875,NA,1931,2396,NA,NA,NA
1948,NA,NA,Portage,NA,late,-0.5521329908251326,NA,NA,NA,0.10567326888915396,-1.2945299391379828,-0.7681728292955605,NA,NA,NA,NA,NA,-1.6587256339385494,-1.3560189950400205,-1.517519770168949
1949,NA,296,Portage,NA,late,-0.5406371924870921,NA,NA,NA,0.08159736285630759,-1.1392879894385632,-0.7681728292955605,NA,NA,NA,NA,NA,-1.0057753367344635,-0.38225333586682037,-0.20621422282844457
1950,NA,28087,Portage,NA,late,-0.5432907836517826,-1.0277360953001518,NA,-1.0277360953001518,0.05752145682346147,-1.1455815819939452,-0.7681728292955605,NA,NA,NA,NA,NA,-1.4189416264907213,-0.933727422060455,-0.7844155997665643
1951,29,226,Portage,2.053239169285812,late,-0.5673705613803303,-1.0392810768079217,NA,-1.0392810768079217,0.0334455507906151,-0.3651761051265939,-0.7681728292955605,NA,NA,NA,NA,NA,-0.6442548331977358,0.9492126396789108,-0.0386964759974767
1952,NA,NA,Portage,NA,late,-0.5858049875474535,-0.985636432899045,0,-0.985636432899045,0.009440041879748283,-0.5057330055301221,-0.7681728292955605,NA,NA,NA,NA,NA,-1.1127558939034945,0.9480467325199391,-0.5735626740973826
1953,200,394,Portage,0.6780335427498971,late,-0.6425219822764203,-0.8926380575557539,0,-0.8926380575557539,-0.15113639819805155,0.07747323793526406,-0.7681728292955605,NA,NA,NA,NA,NA,-1.411563657030787,0.13564262414842812,-1.0948881489638218
1954,3379,36802,Portage,2.3879723837920297,late,-0.6876255082335332,-0.9354212914074671,0,-0.9354212914074671,-0.3117128369074288,-2.26374319266679,-0.7681728292955605,NA,NA,NA,NA,NA,-1.5812569546092508,-0.045772529787575185,-0.15136629784277972
1955,43,4376,Portage,4.6226902284082545,late,-0.716260234310674,-1.1961246436143982,0,-1.196199370067259,-0.472218878768511,-1.239985470324673,-0.7681728292955605,NA,NA,NA,NA,NA,-0.9098617337553302,-1.1706397567635132,1.0716142550755587
1956,NA,NA,Portage,NA,late,-0.7707994084454703,-1.0260506536535519,0,-1.0262020879424933,-0.6327953180252572,1.2375921323106547,-0.7681728292955605,158.4,75.2,NA,NA,NA,0.7612483489195353,-0.30040665330700395,1.3886441149095168
1957,452,47,Portage,-2.2635345781221727,late,-0.8215196993863103,-1.243129100484013,0.00557832,-1.243324894528639,-0.7933717572820035,0.8767594924687612,-0.7681728292955605,321,121.8,NA,NA,NA,-0.16099783357211353,-0.22112496649692545,0.4284685927223063
1958,4803,24750,Portage,1.639584766332012,late,-0.86080459589152,-1.1977173625276618,0.01130455,-1.1977173625276618,-0.8095631562320711,1.0466864914640714,-0.7681728292955605,364.6,19.6,NA,NA,NA,-0.35282503953037503,0.801608793353088,-0.22960770887802334
1959,572,5431,Portage,2.2507395666550476,late,-0.8899557878158436,-1.0277382308698424,0.014615997,-1.028241040853888,-0.8257545551821387,0.7592790981016329,-0.7681728292955605,NA,NA,NA,NA,NA,0.3001252576737109,1.3206706605273082,0.3587326036631307
1960,NA,21,Portage,NA,late,-0.9011386605126738,-0.4009039383276107,0,-0.4009039383276107,-0.8420163515278702,-0.9609695337027437,-0.7681728292955605,958.6,35.9,NA,NA,NA,-0.5999870164381376,0.030477798409176853,-0.12940564783714087
1961,527,2721,Portage,1.641554190241884,late,-0.9079886163461494,-0.6880108307824199,0.037534697,-0.6903822333010645,-0.8582077504779378,0.1865621755618831,-0.7681728292955605,NA,NA,NA,NA,NA,0.263235410374047,-0.3283884251223258,0.3893655949734609
1962,12034,70302,Portage,1.7650642711159135,late,-1.0128337324578498,-0.5845676716929467,0,-0.5845676716929467,-0.8743991494280055,0.27257460715210197,-0.7681728292955605,1055.2,28.6,-1.6357889915180734,NA,NA,-0.5040734134590041,0.6003732177145651,-0.6826794429438852
1963,2011,56230,Portage,3.330818311513595,late,-1.2364423369085078,-1.0032398329857315,0.177024893,-1.0053978020452676,-0.8906609457737371,-0.3190230930537935,-0.7681728292955605,NA,NA,-1.5857313113848763,NA,NA,-0.6147429553580036,-0.6417842694539304,-1.4384123463468488
1964,9,582,Portage,4.169245870395218,late,-1.3159955051734982,-0.578362537386547,0,-0.578362537386547,-0.9068523447238047,0.027124497492209115,-0.7681728292955605,1055.4,99.7,-1.125492252296161,NA,NA,-0.7180345277970687,-0.6793264799728206,-0.6552020377074885
1965,2108,3308,Portage,0.45060414648232905,late,-1.372343328577999,-1.4555175057983287,0.161092115,-1.4574377487911836,-0.9230437436738723,-0.14699822987335584,-0.7681728292955605,NA,NA,-0.8453757922304185,NA,NA,-0.264289406011176,-0.6280265649780639,0.5764036258827916
1966,31844,31007,Portage,-0.02663599578001224,late,-1.3515245799878357,-0.3513518547881198,0,-0.3513518547881198,-0.9393055400196038,0.09006042304602774,-0.7681728292955605,1310.8,1025.9,-1.298507146737114,NA,NA,-0.14255290992227898,-0.4524409468369194,0.5552790372152273
1967,4048,4119,Portage,0.01738748346877936,late,-1.3352716886735605,-1.0470256407185208,0.14334589,-1.052941986042868,-0.9554969389696714,-0.39664406790350315,-0.7681728292955605,NA,227,-1.4546336490942944,NA,NA,-0.6258099095479038,-1.0682731082057941,-0.7083679948955908
1968,173,1046,Portage,1.7994370501270893,late,-1.3032893282161904,-0.8400375060194842,0,-0.8400375060194842,-0.9334556687727138,1.3613661192331648,-0.7681728292955605,390,480.9,0.46396059115647137,NA,NA,-0.7512353903667667,0.1207190125135898,-0.7433288388387732
1969,1040,30743,Portage,3.3864416129083867,late,-1.2668634991404335,-1.0412363916635416,0.441654415,-1.047688666252601,-0.9105914296176851,-0.9777524471837621,-0.7681728292955605,NA,2703,-1.1688067255182115,NA,NA,-1.2566262983721919,0.1298130883535694,-2.1040698710131736
1970,3901,56751,Portage,2.6774403468271166,late,-1.2257800099930785,-1.063386182915959,0,-1.063386182915959,-0.8955263903666627,-1.4980227650953297,-0.7681728292955605,332.7,3249.4,-1.3591352593256223,NA,NA,-1.3931187333809552,-0.3134648134874875,-1.2563255514734288
1971,281,15993,Portage,4.041551736157125,late,-1.2335116599525848,-1.28016271013201,0.48166146,-1.2892479751027703,-0.8803224550103932,-0.10294308198568279,-0.7681728292955605,NA,1563.03,-0.6664074358318764,NA,NA,-1.0758660466038281,-0.24910673831224725,-1.214056942570731
1972,1460,13156,Portage,2.1984414926065656,late,-1.1865559415751636,-1.2073871990446894,0,-1.2073871990446894,-0.8647068851959931,-0.8917400155935432,-0.7681728292955605,655.8,2642.13,0.46596532834627175,NA,165.83,-1.0832440160637598,-0.17705367588779347,-0.5928032146851038
1973,4272,80696,Portage,2.9386069060946407,late,-1.137730035428525,-1.139852724805969,0.678213849,-1.1507405266036277,-0.8492175649375396,-0.05469220572775516,-0.7681728292955605,NA,13479.29,0.6254330593531193,NA,NA,-1.4890323363600857,0.7864520002864553,-1.7542740630945783
1974,8986,40966,Portage,1.5170746437304956,late,-1.0845145708461514,-0.6922277953870182,0,-0.6922402551541765,-0.8522270555863847,-1.07215633551449,-0.7681728292955605,1129.7,6426.54,0.03792356351798675,NA,NA,-1.3931187333809552,1.244420332330556,-1.274011454741449
1975,3829,14943,Portage,1.3616392902640986,late,-1.023722511599447,-0.8753810800410187,0.812772992,-0.888695232611001,-0.8553598881672596,1.5543696242648752,-0.7681728292955605,NA,7313.1500000000005,1.666802905036693,NA,NA,-0.8065701613162677,1.5393948435504072,0.23931879949167853
1976,3800,7472,Portage,0.6761616341942014,late,-0.9538250427343234,-0.15258252970093936,9.30121e-4,-0.15728443741321754,-0.8573138585131588,0.7320068636949781,-0.7681728292955605,1538.2,7171.98,-0.36502861163188755,NA,NA,0.4513736316023427,0.9902525716747163,-0.48674304682117353
1977,7974,39221,Portage,1.5930260686792974,late,-0.8839275738691998,-0.3334807506857395,0.993899762,-0.3644130402736091,-0.8593707967604911,-0.285457266091757,-0.7681728292955605,NA,7256.24,0.9321578493925758,NA,NA,-0.8065701613162677,-0.5072385833085913,0.3501444325098262
1978,10230,110438,Portage,2.3791296975537826,late,-0.7953647030619272,-0.20095192933398026,0.350996726,-0.23497483782920997,-0.8615144823143305,0.7152239502139598,-0.7681728292955605,1224.9,3661.65,0.0545082075426989,NA,16.32,-0.020816413833381973,-1.1659761281276264,-0.39278284471422165
1979,3663,52459,Portage,2.6617494283177803,late,-0.6996402413810295,-0.11501939669354855,2.309091401,-0.17849357009657565,-0.8300582148953369,1.2921366011239643,-0.7681728292955605,NA,3509.29,1.6605456950200435,8.9,12.96,0.08616414333564898,-0.4615350226768989,0.8986538062796064
1980,1998,11550,Portage,1.7545387567414408,late,-0.6019874764638267,-0.3111547225560138,2.539805717,-0.411953910668659,-0.7972753816958658,0.45928451962843064,-0.7681728292955605,1029.8,5731.63,-0.2274307408774076,82.17999999999999,34.11,-0.20526565033171174,-0.19967227477184535,-1.3338118445393503
1981,6086,19915,Portage,1.1854821651588283,late,-0.5261110141268617,0.08475850750953755,4.738338745,-0.02907038579269715,-0.7632814436296569,0.8746616282836339,-0.7681728292955605,NA,5461.660000000001,1.762605042864426,117.32,126.13,1.0526781425868987,0.3711558702607203,0.91876510083095
1982,23965,209708,Portage,2.1691216543063176,late,-0.4292518641676974,0.1670719755810049,7.52464633,0.04486930883398732,-0.7276359471259796,1.8103090548504046,-0.7681728292955605,1835.4,12507.16,0.23505605384835643,276.46,596.71,0.6210669291808064,0.12678172974024285,0.5102867615373122
1983,7945,36926,Portage,1.536373109984872,late,-0.3184651027867885,0.7891503024468391,8.497312129,0.5857976981190268,-0.6905778979676457,0.7424961846206146,-0.7681728292955605,NA,22174.149999999998,1.2109378179984516,518.51,2062.9300000000003,-0.020816413833381973,0.24687016711433243,-1.1465248190195916
1984,1768,50048,Portage,3.343133580707394,late,-0.18722822400556066,0.40506206281564566,9.122413205,0.24660672080018975,-0.6538249727940986,1.1285031946840358,-0.7532628618976906,2120.52,26542.03,-0.5384080037437134,1310.78,2915.4,-0.2458444823613441,-0.9439874050594065,-0.7718412497837398
1985,2083,24666,Portage,2.4716166148649616,late,-0.046497688851932846,-0.20735903492281324,15.18024551,-0.5528427761713861,-0.6156195696002487,1.9256915850324055,-0.7078782305967896,NA,27781.22,-0.3650650613989747,3795.7599999999998,1607.46,0.8424060129788026,0.3732545031468694,-0.6073455232831187
1986,14447,71339,Portage,1.5969563819037036,late,0.0873359213927342,-0.18137388723145492,11.82867065,-0.3579086766454907,-0.5761741002479737,0.9585761956887253,-0.5697899097861789,1723.52,34939.87,0.12940275896916822,3594.9900000000002,1263.73,0.6653347459404045,0.9044418047743957,-0.3739708042603379
1987,7042,62752,Portage,2.187298229281075,late,0.22091069145535694,0.6338510382604087,25.79031645,0.2731606638549736,-0.5348157364849999,-0.5497881534177953,-0.4119704345149142,NA,29971.14,-0.2579956930684459,3616.16,1616.29,0.22265657834441469,0.9270604036584476,0.02805971903615465
1988,1411,20702,Portage,2.6859316410908813,late,0.36169830858915214,0.4345553599466107,13.17829904,-0.05983161681099602,-0.491960756100348,-0.4805586353085948,-0.362955032709941,1857.11,25524.960000000003,-0.2605666166403353,3229.8500000000004,2957.03,0.7833822572993357,0.18321163623447526,0.43545239766574567
1989,8082,199175,Portage,3.204544468610148,late,0.4965118858955183,1.1587743039168599,26.92548964,0.6521692992024452,-0.4401902125751239,-1.3826402349133289,-0.03978669743355723,NA,28211.5,-0.5292287373989003,3464.32,2035.8,0.3554600286232119,-0.7164023276281221,-0.14588719318351395
1990,18479,50970,Portage,1.0146022721566619,late,0.6241638729570539,-0.08251099585694494,36.90592358,-0.2719189248833969,-0.3854824019564126,0.4676759763689398,-0.17620843506197084,3847.4,26982.07,0.96106190719667,3233.13,2706.44,1.4695334170731222,-0.1588655242078343,0.2951939226037243
1991,12211,15891,Portage,0.2634157263796145,late,0.755160857139653,0.758461593992771,37.81799782,0.4592861772572254,-0.32300508305241754,0.6564837530303957,-0.00612766923597089,NA,27831.460000000003,1.1587083392429707,3934.3,4199.320000000001,1.2592612874650262,-1.9242821443228484,0.9565373759303536
1992,2795,16087,Portage,1.7501793858011083,late,0.886157841322252,0.5545046711318877,14.13927726,0.005956650370639317,-0.2572517113843572,0.9984356152061438,-0.06189868501163561,4749.88,25416.940000000002,0.857055534293709,3806.4300000000003,4073.36,0.8497839824387343,-1.719315665775616,0.4404879574144207
1993,19760,174895,Portage,2.18052610153176,late,0.995263243482533,1.3256573819626185,22.33340593,0.9710802653473921,-0.18824792434590742,-0.6337027208228869,0.04607209686355735,NA,22435.53,1.0923642956790587,4337.42,5912.14,0.9604535243377338,-1.1228375632456717,0.012726443451345652
1994,9270,127647,Portage,2.622485262070926,late,1.090441034849864,0.927093875349991,40.94903857,0.5704137999517881,-0.12893142937667734,1.021512121242544,0.06005949142842524,2106.4500000000003,25623.01,-0.2930597615102905,3922.9500000000003,4603.92,1.336729966794325,-0.5382517137372397,0.34977408767449514
1995,8447,40453,Portage,1.5663294576455946,late,1.1859818117740926,0.2447451957929584,26.46913575,-0.2211567856550677,-0.05858827660829853,0.6250157902534864,0.32334987380158736,317.40999999999997,24383.1,1.3236696576459894,4121.33,5060.41,1.3736198140939915,-1.0281659019371663,1.529459062687718
1996,3427,86277,Portage,3.225877807509372,late,1.2676393739530658,0.6510523126641572,26.6261213,0.15854061445412246,0.014455769768085656,1.6445777842253488,0.48950226498383714,981.99,24835.34,-0.5564731158082874,3678.94,1992.73,1.2998401194946585,0.9091054334102827,0.41225118817953266
1997,9774,41499,Portage,1.4459435317128249,late,1.3309252712185444,1.8154127471784849,34.77952241,1.0874900727183459,0.09321123766549969,-0.7490852510048877,0.7138957863010794,NA,18787.45,1.5703841586490674,3983.8,6255.21,-0.7401684361768666,1.5032517216222832,-1.4442842947991894
1998,25205,18044,Portage,-0.33422916798844465,late,1.3853645990476486,0.15541765121720919,36.76593431,-0.38756099883547074,0.1747900004493911,-1.4120103335051108,0.6930634965236167,1022.16,20582.04,0.45519745965257125,4491.07,6104.44,-0.23108854344147803,1.6433937621306869,0.04854780839684496
1999,6475,9066,Portage,0.33658254493305606,late,1.4325910798055799,1.2192622028673572,54.33933313,0.5746372553915249,0.2723291170610118,0.11103906489730068,1.2585113619118928,NA,14553.88,-1.032898908964345,4156.84,6606.860000000001,-0.30855722277077685,2.4924073552939108,-0.16216105709842651
2000,1269,12743,Portage,2.3067529124978914,late,1.4133671120122921,0.6425855638399186,40.53328563,0.2266145118685242,0.38009658490642595,-0.8518805960761249,1.740630068190318,2939.4900000000002,8046.72,-0.13267349637284354,4706.68,4629.41,-0.1978876808717774,1.929507378942353,0.32324149952097164
2001,3159,18585,Portage,1.7720992819292674,late,1.394143144219004,1.4798645518175015,48.12116863,0.6729854238342687,0.49207738016552616,1.646675648410476,1.1825330250520891,NA,10810.640000000001,1.2404639518275022,4855.78,3745.72,0.5731101276912397,1.727105896144858,0.6887291844771556
2002,14965,48183,Portage,1.1692921204442077,late,1.3543347252184246,0.7698970378685563,31.05218501,0.36201461484044634,0.6110299605030238,-0.048398613172373234,0.8912976139631591,4324.2,10834.58,1.1385917127875012,4785.07,5121.14,0.565732158231308,0.43271576825442837,1.3019071852412383
2003,5026,5210,Portage,0.035955416643875165,late,1.3298374564389737,2.145824688458584,60.23342207,1.215590527356215,0.6725736358662384,0.03971168260297286,1.1228336346326744,NA,11289.27,0.08835181628323778,4511.35,5241.37,1.0563671273168644,-1.3126472487262717,2.064182065609511
2004,1312,5687,Portage,1.4666301778027655,late,1.2997839297005322,-0.14289605738805372,30.44836984,-0.5065882895283237,0.734182147082796,-0.06308366246826427,1.3285971368060714,1347.47,10710.57,0.44185623740250884,3646.24,3982.72,0.36283799808314365,-0.8273966891622321,0.1213843297386308
2005,12090,2400,Portage,-1.6169099272728014,late,1.2697304023332958,1.286358462947755,69.44185929,0.41562064515233116,0.8469451038492416,-0.46587358601270373,1.35978605064433,NA,11721.31,1.2160140555614731,4067.17,5687.23,-0.26060042128121014,-0.19897273047646227,-0.5871516501547972
2006,18882,173707,Portage,2.219160884491461,late,1.2289016212438093,-0.07210836824573383,27.1495779,-0.6696204539747842,0.954383593370581,-1.057471286218599,1.4441270638290864,2868.05,7991.51,0.13992580672726587,3203.2799999999997,3009.57,-1.2123584816125912,0.9802257701075592,-1.0901500429874793
2007,1699,2987,Portage,0.5642296965441778,late,1.188072840154323,0.7683784712611401,65.00046501,0.3701949063678679,1.1221770918210272,-1.4770441232440568,1.315770398385948,NA,14500.359999999999,-1.5316398570273535,2769.27,2857.42,-0.2901122991209423,0.5530373870603122,0.01563512890347435
2008,97,433,Portage,1.496026749499107,late,1.1380550820059434,0.37520716693093153,44.60419958,-0.6258414753228656,1.3014081890122802,0.04180954678810015,1.3839515067861867,2942.8500000000004,12884.98,0.44309674447571246,3018.08,3457.61,0.08247515860568312,1.6298692390866145,-0.4699485074923377
2009,1836,12202,Portage,1.894010580531362,late,1.0880373244863586,1.0940074410576386,29.72435139,0.6584570462446842,1.4920768822074948,-1.3931295558389651,1.7403622244646078,NA,15208.710000000001,0.9843083536527012,3173.94,3141.94,-0.6922116346873024,0.6206600022806733,-0.15252602734077372
2010,57870,84006,Portage,0.37268910927809584,late,1.038019566337979,-0.16792067561174587,74.72815116,-0.5455560146648467,1.6180269849119016,-1.8252895779751865,1.6338794632878049,5858.38,8304.43,0.691456952462781,3280.2599999999998,3413.2,-0.8434600086159316,0.6446776897554913,-1.3454239279135205
2011,1114,84,Portage,-2.584895621643916,late,1.0417608946260988,3.149096120648266,32.51378041,1.914773080811693,1.747614779936623,-0.9357951634812163,1.4879046327757262,NA,9980.59,-1.5426598366100743,3285.1,2299.55,0.9715204785276313,1.0168352548992718,0.5282779389941813
2012,25,167,Portage,1.8991179875485542,late,1.0186212507600807,0.4050756113991662,28.19042902,-0.2540728214943093,1.8830083382595215,-0.2749679451661205,0.9066242271565782,5324.360000000001,12591.67,0.5168595306341217,2971.96,1965.8899999999999,0.6358228681006725,-0.5219290135116352,2.0411370150315977
2013,7509,2391,Portage,-1.144390612641559,late,0.9954816068940625,2.23499005458738,92.14205459,1.1418261431484285,2.0227744002581725,1.9047129431811327,2.0248420215828467,NA,15543,-0.5763856235680681,2562,2298.7599999999998,2.26266513401594,-0.7663031540321126,2.0202518942337706
2014,24275,93713,Portage,1.3507899061050785,late,0.9570308128069157,-0.47567613540750514,49.20534487,-0.8180954890066834,2.05979762799273,1.1683626142014543,1.967047297657371,8341,12008.44,-1.543248500348534,2441.15,2202.57,2.5504059429533346,0.23707654697896982,2.176572346258332
2015,36,17,Portage,-0.750305594399894,late,0.9185800187197688,1.2523911714280642,81.604544,0.4545893787299925,2.0976853387894123,0.6543858888452685,1.8259234146220442,NA,10783.27,-1.6820801957189182,2396.11,2201.82,1.9417234625088469,-0.6940169101758645,0.7906513280629321
2016,41,78,Portage,0.6431367599852839,late,0.8801292246326219,-0.6096348413637508,NA,-0.9167532306605438,2.0976853387894123,0.09635401560140967,1.8755637851203413,1516.4,10610.6,-0.20944885578101644,1830,2151,1.4658444323431563,-1.9210176042777272,0.9666259024712036
2017,1265,4873,Portage,1.3486376416818855,late,0.8424958636168289,0.9442861477286991,NA,0.2276765726581958,2.0976853387894123,-0.1826619210205197,1.9279718741176441,NA,9382,-0.7804952068150611,1786.46,2228.9700000000003,1.6281597604616858,-1.4649147236879814,2.4269986314085066
2018,35548,43117,Portage,0.19303345502032068,late,NA,NA,NA,NA,2.0976853387894123,-0.7616724361156514,NA,526,13274,NA,1760,2249,NA,-1.908192625529038,NA
2019,520,3080,Portage,1.7788560643921472,late,NA,NA,NA,NA,2.0976853387894123,NA,NA,NA,9875,NA,1931,2396,NA,NA,NA
1948,100,618,Quesnel,1.8213182714695995,summer,-0.5521329908251326,NA,NA,NA,0.12305986409464494,-1.2945299391379828,-0.7681728292955605,NA,NA,NA,NA,NA,-1.6587256339385494,-1.3560189950400205,-1.517519770168949
1949,30664,463409,Quesnel,2.715520705397371,summer,-0.5406371924870921,NA,NA,NA,0.09848904790357828,-1.1392879894385632,-0.7681728292955605,NA,NA,NA,NA,NA,-1.0057753367344635,-0.38225333586682037,-0.20621422282844457
1950,398,2014,Quesnel,1.62142606799407,summer,-0.5432907836517826,-1.0277360953001518,NA,-1.0277360953001518,0.0739182317125116,-1.1455815819939452,-0.7681728292955605,NA,NA,NA,NA,NA,-1.4189416264907213,-0.933727422060455,-0.7844155997665643
1951,49,413,Quesnel,2.1316272948504063,summer,-0.5673705613803303,-1.0392810768079217,NA,-1.0392810768079217,0.04934741412489294,-0.3651761051265939,-0.7681728292955605,NA,NA,NA,NA,NA,-0.6442548331977358,0.9492126396789108,-0.0386964759974767
1952,7017,562,Quesnel,-2.5245892053585974,summer,-0.5858049875474535,-0.985636432899045,0,-0.985636432899045,0.02484844215610309,-0.5057330055301221,-0.7681728292955605,NA,NA,NA,NA,NA,-1.1127558939034945,0.9480467325199391,-0.5735626740973826
1953,110927,604343,Quesnel,1.6952695902432204,summer,-0.6425219822764203,-0.8926380575557539,0,-0.8926380575557539,-0.139028844736503,0.07747323793526406,-0.7681728292955605,NA,NA,NA,NA,NA,-1.411563657030787,0.13564262414842812,-1.0948881489638218
1954,299,10692,Quesnel,3.5768075038681233,summer,-0.6876255082335332,-0.9354212914074671,0,-0.9354212914074671,-0.3029061321877301,-2.26374319266679,-0.7681728292955605,NA,NA,NA,NA,NA,-1.5812569546092508,-0.045772529787575185,-0.15136629784277972
1955,63,180,Quesnel,1.0498221244986776,summer,-0.716260234310674,-1.1961246436143982,0,-1.196199370067259,-0.4667115751373699,-1.239985470324673,-0.7681728292955605,NA,NA,NA,NA,NA,-0.9098617337553302,-1.1706397567635132,1.0716142550755587
1956,2669,1115,Quesnel,-0.8728494655103051,summer,-0.7707994084454703,-1.0260506536535519,0,-1.0262020879424933,-0.6305888625885969,1.2375921323106547,-0.7681728292955605,158.4,75.2,NA,NA,NA,0.7612483489195353,-0.30040665330700395,1.3886441149095168
1957,223667,989754,Quesnel,1.4872980887872485,summer,-0.8215196993863103,-1.243129100484013,0.00557832,-1.243324894528639,-0.7944661500398237,0.8767594924687612,-0.7681728292955605,321,121.8,NA,NA,NA,-0.16099783357211353,-0.22112496649692545,0.4284685927223063
1958,1863,3385,Quesnel,0.5971658147447869,summer,-0.86080459589152,-1.1977173625276618,0.01130455,-1.1977173625276618,-0.8109903833100309,1.0466864914640714,-0.7681728292955605,364.6,19.6,NA,NA,NA,-0.35282503953037503,0.801608793353088,-0.22960770887802334
1959,76,165,Quesnel,0.7752121336142496,summer,-0.8899557878158436,-1.0277382308698424,0.014615997,-1.028241040853888,-0.8275146165802381,0.7592790981016329,-0.7681728292955605,NA,NA,NA,NA,NA,0.3001252576737109,1.3206706605273082,0.3587326036631307
1960,3057,1469,Quesnel,-0.7328521457169572,summer,-0.9011386605126738,-0.4009039383276107,0,-0.4009039383276107,-0.8441106943520325,-0.9609695337027437,-0.7681728292955605,958.6,35.9,NA,NA,NA,-0.5999870164381376,0.030477798409176853,-0.12940564783714087
1961,302563,1196409,Quesnel,1.3747903290455283,summer,-0.9079886163461494,-0.6880108307824199,0.037534697,-0.6903822333010645,-0.8606349276222396,0.1865621755618831,-0.7681728292955605,NA,NA,NA,NA,NA,0.263235410374047,-0.3283884251223258,0.3893655949734609
1962,1078,7257,Quesnel,1.9068590478091945,summer,-1.0128337324578498,-0.5845676716929467,0,-0.5845676716929467,-0.8771591608924467,0.27257460715210197,-0.7681728292955605,1055.2,28.6,-1.6357889915180734,NA,NA,-0.5040734134590041,0.6003732177145651,-0.6826794429438852
1963,86,956,Quesnel,2.4084106167978936,summer,-1.2364423369085078,-1.0032398329857315,0.177024893,-1.0053978020452676,-0.893755238664241,-0.3190230930537935,-0.7681728292955605,NA,NA,-1.5857313113848763,NA,NA,-0.6147429553580036,-0.6417842694539304,-1.4384123463468488
1964,15839,2812,Quesnel,-1.7285792791318648,summer,-1.3159955051734982,-0.578362537386547,0,-0.578362537386547,-0.9102794719344481,0.027124497492209115,-0.7681728292955605,1055.4,99.7,-1.125492252296161,NA,NA,-0.7180345277970687,-0.6793264799728206,-0.6552020377074885
1965,364714,1653011,Quesnel,1.5112402675725598,summer,-1.372343328577999,-1.4555175057983287,0.161092115,-1.4574377487911836,-0.9268037052046553,-0.14699822987335584,-0.7681728292955605,NA,NA,-0.8453757922304185,NA,NA,-0.264289406011176,-0.6280265649780639,0.5764036258827916
1966,1753,7434,Quesnel,1.4447354659359628,summer,-1.3515245799878357,-0.3513518547881198,0,-0.3513518547881198,-0.9433997829764497,0.09006042304602774,-0.7681728292955605,1310.8,1025.9,-1.298507146737114,NA,NA,-0.14255290992227898,-0.4524409468369194,0.5552790372152273
1967,119,1750,Quesnel,2.6882475738060303,summer,-1.3352716886735605,-1.0470256407185208,0.14334589,-1.052941986042868,-0.9599240162466568,-0.39664406790350315,-0.7681728292955605,NA,227,-1.4546336490942944,NA,NA,-0.6258099095479038,-1.0682731082057941,-0.7083679948955908
1968,5763,428,Quesnel,-2.6000902558548695,summer,-1.3032893282161904,-0.8400375060194842,0,-0.8400375060194842,-0.9374392999194162,1.3613661192331648,-0.7681728292955605,390,480.9,0.46396059115647137,NA,NA,-0.7512353903667667,0.1207190125135898,-0.7433288388387732
1969,273134,1634350,Quesnel,1.7890379335171531,summer,-1.2668634991404335,-1.0412363916635416,0.441654415,-1.047688666252601,-0.9141166068507157,-0.9777524471837621,-0.7681728292955605,NA,2703,-1.1688067255182115,NA,NA,-1.2566262983721919,0.1298130883535694,-2.1040698710131736
1970,1373,20339,Quesnel,2.6955420984175245,summer,-1.2257800099930785,-1.063386182915959,0,-1.063386182915959,-0.8987542413206164,-1.4980227650953297,-0.7681728292955605,332.7,3249.4,-1.3591352593256223,NA,NA,-1.3931187333809552,-0.3134648134874875,-1.2563255514734288
1971,171,747,Quesnel,1.4744016286301573,summer,-1.2335116599525848,-1.28016271013201,0.48166146,-1.2892479751027703,-0.8832521718485408,-0.10294308198568279,-0.7681728292955605,NA,1563.03,-0.6664074358318764,NA,NA,-1.0758660466038281,-0.24910673831224725,-1.214056942570731
1972,3488,856,Quesnel,-1.4048134088871282,summer,-1.1865559415751636,-1.2073871990446894,0,-1.2073871990446894,-0.8673311106540103,-0.8917400155935432,-0.7681728292955605,655.8,2642.13,0.46596532834627175,NA,165.83,-1.0832440160637598,-0.17705367588779347,-0.5928032146851038
1973,278061,2330793,Quesnel,2.1261233179226835,summer,-1.137730035428525,-1.139852724805969,0.678213849,-1.1507405266036277,-0.8515494539807023,-0.05469220572775516,-0.7681728292955605,NA,13479.29,0.6254330593531193,NA,NA,-1.4890323363600857,0.7864520002864553,-1.7542740630945783
1974,4459,31003,Quesnel,1.9391594483510348,summer,-1.0845145708461514,-0.6922277953870182,0,-0.6922402551541765,-0.8546218438522216,-1.07215633551449,-0.7681728292955605,1129.7,6426.54,0.03792356351798675,NA,NA,-1.3931187333809552,1.244420332330556,-1.274011454741449
1975,201,1865,Quesnel,2.2277114240188403,summer,-1.023722511599447,-0.8753810800410187,0.812772992,-0.888695232611001,-0.8578335693949487,1.5543696242648752,-0.7681728292955605,NA,7313.1500000000005,1.666802905036693,NA,NA,-0.8065701613162677,1.5393948435504072,0.23931879949167853
1976,2197,1233,Quesnel,-0.5776425692202659,summer,-0.9538250427343234,-0.15258252970093936,9.30121e-4,-0.15728443741321754,-0.8601591610324582,0.7320068636949781,-0.7681728292955605,1538.2,7171.98,-0.36502861163188755,NA,NA,0.4513736316023427,0.9902525716747163,-0.48674304682117353
1977,516223,3870076,Quesnel,2.0144905814084875,summer,-0.8839275738691998,-0.3334807506857395,0.993899762,-0.3644130402736091,-0.8626362432317085,-0.285457266091757,-0.7681728292955605,NA,7256.24,0.9321578493925758,NA,NA,-0.8065701613162677,-0.5072385833085913,0.3501444325098262
1978,8614,196582,Quesnel,3.127690860429782,summer,-0.7953647030619272,-0.20095192933398026,0.350996726,-0.23497483782920997,-0.8652527464314953,0.7152239502139598,-0.7681728292955605,1224.9,3661.65,0.0545082075426989,NA,16.32,-0.020816413833381973,-1.1659761281276264,-0.39278284471422165
1979,511,6011,Quesnel,2.4649768128354577,summer,-0.6996402413810295,-0.11501939669354855,2.309091401,-0.17849357009657565,-0.8336360557493145,1.2921366011239643,-0.7681728292955605,NA,3509.29,1.6605456950200435,8.9,12.96,0.08616414333564898,-0.4615350226768989,0.8986538062796064
1980,3176,2446,Quesnel,-0.2611685061199087,summer,-0.6019874764638267,-0.3111547225560138,2.539805717,-0.411953910668659,-0.8007287119080768,0.45928451962843064,-0.7681728292955605,1029.8,5731.63,-0.2274307408774076,82.17999999999999,34.11,-0.20526565033171174,-0.19967227477184535,-1.3338118445393503
1981,748652,9767044,Quesnel,2.568494884347549,summer,-0.5261110141268617,0.08475850750953755,4.738338745,-0.02907038579269715,-0.7666542836463041,0.8746616282836339,-0.7681728292955605,NA,5461.660000000001,1.762605042864426,117.32,126.13,1.0526781425868987,0.3711558702607203,0.91876510083095
1982,39841,555542,Quesnel,2.6350476809793393,summer,-0.4292518641676974,0.1670719755810049,7.52464633,0.04486930883398732,-0.7309714573126251,1.8103090548504046,-0.7681728292955605,1835.4,12507.16,0.23505605384835643,276.46,596.71,0.6210669291808064,0.12678172974024285,0.5102867615373122
1983,2155,40379,Quesnel,2.930519124287312,summer,-0.3184651027867885,0.7891503024468391,8.497312129,0.5857976981190268,-0.6939336203733532,0.7424961846206146,-0.7681728292955605,NA,22174.149999999998,1.2109378179984516,518.51,2062.9300000000003,-0.020816413833381973,0.24687016711433243,-1.1465248190195916
1984,6186,6868,Quesnel,0.10458426877235126,summer,-0.18722822400556066,0.40506206281564566,9.122413205,0.24660672080018975,-0.6573106949901453,1.1285031946840358,-0.7532628618976906,2120.52,26542.03,-0.5384080037437134,1310.78,2915.4,-0.2458444823613441,-0.9439874050594065,-0.7718412497837398
1985,1349263,12514234,Quesnel,2.227308199005806,summer,-0.046497688851932846,-0.20735903492281324,15.18024551,-0.5528427761713861,-0.6193023841344969,1.9256915850324055,-0.7078782305967896,NA,27781.22,-0.3650650613989747,3795.7599999999998,1607.46,0.8424060129788026,0.3732545031468694,-0.6073455232831187
1986,181473,2532743,Quesnel,2.6359513018272613,summer,0.0873359213927342,-0.18137388723145492,11.82867065,-0.3579086766454907,-0.5801424027426481,0.9585761956887253,-0.5697899097861789,1723.52,34939.87,0.12940275896916822,3594.9900000000002,1263.73,0.6653347459404045,0.9044418047743957,-0.3739708042603379
1987,20559,176581,Quesnel,2.150480893341115,summer,0.22091069145535694,0.6338510382604087,25.79031645,0.2731606638549736,-0.5391405344444256,-0.5497881534177953,-0.4119704345149142,NA,29971.14,-0.2579956930684459,3616.16,1616.29,0.22265657834441469,0.9270604036584476,0.02805971903615465
1988,27034,26342,Quesnel,-0.025930709484781225,summer,0.36169830858915214,0.4345553599466107,13.17829904,-0.05983161681099602,-0.4967579482299344,-0.4805586353085948,-0.362955032709941,1857.11,25524.960000000003,-0.2605666166403353,3229.8500000000004,2957.03,0.7833822572993357,0.18321163623447526,0.43545239766574567
1989,1870685,10628956,Quesnel,1.7372773009731144,summer,0.4965118858955183,1.1587743039168599,26.92548964,0.6521692992024452,-0.445430925883409,-1.3826402349133289,-0.03978669743355723,NA,28211.5,-0.5292287373989003,3464.32,2035.8,0.3554600286232119,-0.7164023276281221,-0.14588719318351395
1990,487651,3283049,Quesnel,1.9069278566963417,summer,0.6241638729570539,-0.08251099585694494,36.90592358,-0.2719189248833969,-0.3912721230996318,0.4676759763689398,-0.17620843506197084,3847.4,26982.07,0.96106190719667,3233.13,2706.44,1.4695334170731222,-0.1588655242078343,0.2951939226037243
1991,46259,151149,Quesnel,1.184010065637199,summer,0.755160857139653,0.758461593992771,37.81799782,0.4592861772572254,-0.3293614344511861,0.6564837530303957,-0.00612766923597089,NA,27831.460000000003,1.1587083392429707,3934.3,4199.320000000001,1.2592612874650262,-1.9242821443228484,0.9565373759303536
1992,8901,29213,Quesnel,1.1884501857023388,summer,0.886157841322252,0.5545046711318877,14.13927726,0.005956650370639317,-0.26429050652448377,0.9984356152061438,-0.06189868501163561,4749.88,25416.940000000002,0.857055534293709,3806.4300000000003,4073.36,0.8497839824387343,-1.719315665775616,0.4404879574144207
1993,2620757,6849116,Quesnel,0.9606563855133279,summer,0.995263243482533,1.3256573819626185,22.33340593,0.9710802653473921,-0.1960781236425112,-0.6337027208228869,0.04607209686355735,NA,22435.53,1.0923642956790587,4337.42,5912.14,0.9604535243377338,-1.1228375632456717,0.012726443451345652
1994,659505,2476843,Quesnel,1.3232504907260496,summer,1.090441034849864,0.927093875349991,40.94903857,0.5704137999517881,-0.13442699494101085,1.021512121242544,0.06005949142842524,2106.4500000000003,25623.01,-0.2930597615102905,3922.9500000000003,4603.92,1.336729966794325,-0.5382517137372397,0.34977408767449514
1995,216110,167306,Quesnel,-0.2559630662473729,summer,1.1859818117740926,0.2447451957929584,26.46913575,-0.2211567856550677,-0.06158218363975837,0.6250157902534864,0.32334987380158736,317.40999999999997,24383.1,1.3236696576459894,4121.33,5060.41,1.3736198140939915,-1.0281659019371663,1.529459062687718
1996,42499,90690,Quesnel,0.757966551217691,summer,1.2676393739530658,0.6510523126641572,26.6261213,0.15854061445412246,0.013953435668566803,1.6445777842253488,0.48950226498383714,981.99,24835.34,-0.5564731158082874,3678.94,1992.73,1.2998401194946585,0.9091054334102827,0.41225118817953266
1997,1858809,4691105,Quesnel,0.925732202332559,summer,1.3309252712185444,1.8154127471784849,34.77952241,1.0874900727183459,0.09525227603824811,-0.7490852510048877,0.7138957863010794,NA,18787.45,1.5703841586490674,3983.8,6255.21,-0.7401684361768666,1.5032517216222832,-1.4442842947991894
1998,1179252,4739819,Quesnel,1.3911186101498743,summer,1.3853645990476486,0.15541765121720919,36.76593431,-0.38756099883547074,0.1794085889334397,-1.4120103335051108,0.6930634965236167,1022.16,20582.04,0.45519745965257125,4491.07,6104.44,-0.23108854344147803,1.6433937621306869,0.04854780839684496
1999,189360,810586,Quesnel,1.4541074776821639,summer,1.4325910798055799,1.2192622028673572,54.33933313,0.5746372553915249,0.2796028438137005,0.11103906489730068,1.2585113619118928,NA,14553.88,-1.032898908964345,4156.84,6606.860000000001,-0.30855722277077685,2.4924073552939108,-0.16216105709842651
2000,63782,53810,Quesnel,-0.1700116953813494,summer,1.4133671120122921,0.6425855638399186,40.53328563,0.2266145118685242,0.3889235759408286,-0.8518805960761249,1.740630068190318,2939.4900000000002,8046.72,-0.13267349637284354,4706.68,4629.41,-0.1978876808717774,1.929507378942353,0.32324149952097164
2001,3510976,3696037,Quesnel,0.05136710304826504,summer,1.394143144219004,1.4798645518175015,48.12116863,0.6729854238342687,0.5025144264820879,1.646675648410476,1.1825330250520891,NA,10810.640000000001,1.2404639518275022,4855.78,3745.72,0.5731101276912397,1.727105896144858,0.6887291844771556
2002,2985212,640227,Quesnel,-1.539603244113344,summer,1.3543347252184246,0.7698970378685563,31.05218501,0.36201461484044634,0.6231845891595509,-0.048398613172373234,0.8912976139631591,4324.2,10834.58,1.1385917127875012,4785.07,5121.14,0.565732158231308,0.43271576825442837,1.3019071852412383
2003,278990,143876,Quesnel,-0.6622241213893708,summer,1.3298374564389737,2.145824688458584,60.23342207,1.215590527356215,0.6852478428768639,0.03971168260297286,1.1228336346326744,NA,11289.27,0.08835181628323778,4511.35,5241.37,1.0563671273168644,-1.3126472487262717,2.064182065609511
2004,10264,11816,Quesnel,0.1408119179157434,summer,1.2997839297005322,-0.14289605738805372,30.44836984,-0.5065882895283237,0.7473593726045115,-0.06308366246826427,1.3285971368060714,1347.47,10710.57,0.44185623740250884,3646.24,3982.72,0.36283799808314365,-0.8273966891622321,0.1213843297386308
2005,1436789,217138,Quesnel,-1.8896329455028449,summer,1.2697304023332958,1.286358462947755,69.44185929,0.41562064515233116,0.8570009388175641,-0.46587358601270373,1.35978605064433,NA,11721.31,1.2160140555614731,4067.17,5687.23,-0.26060042128121014,-0.19897273047646227,-0.5871516501547972
2006,169127,628030,Quesnel,1.3119380240340202,summer,1.2289016212438093,-0.07210836824573383,27.1495779,-0.6696204539747842,0.9634332424470369,-1.057471286218599,1.4441270638290864,2868.05,7991.51,0.13992580672726587,3203.2799999999997,3009.57,-1.2123584816125912,0.9802257701075592,-1.0901500429874793
2007,74715,79945,Quesnel,0.06765802304402727,summer,1.188072840154323,0.7683784712611401,65.00046501,0.3701949063678679,1.1310437321560751,-1.4770441232440568,1.315770398385948,NA,14500.359999999999,-1.5316398570273535,2769.27,2857.42,-0.2901122991209423,0.5530373870603122,0.01563512890347435
2008,7091,7234,Quesnel,0.019965759208046666,summer,1.1380550820059434,0.37520716693093153,44.60419958,-0.6258414753228656,1.3098140104265747,0.04180954678810015,1.3839515067861867,2942.8500000000004,12884.98,0.44309674447571246,3018.08,3457.61,0.08247515860568312,1.6298692390866145,-0.4699485074923377
2009,149467,320087,Quesnel,0.7615172011634029,summer,1.0880373244863586,1.0940074410576386,29.72435139,0.6584570462446842,1.499744075861983,-1.3931295558389651,1.7403622244646078,NA,15208.710000000001,0.9843083536527012,3173.94,3141.94,-0.6922116346873024,0.6206600022806733,-0.15252602734077372
2010,246584,2525544,Quesnel,2.3265090578243153,summer,1.038019566337979,-0.16792067561174587,74.72815116,-0.5455560146648467,1.6229810438992838,-1.8252895779751865,1.6338794632878049,5858.38,8304.43,0.691456952462781,3280.2599999999998,3413.2,-0.8434600086159316,0.6446776897554913,-1.3454239279135205
2011,45433,41380,Quesnel,-0.09344104093291285,summer,1.0417608946260988,3.149096120648266,32.51378041,1.914773080811693,1.749304236890375,-0.9357951634812163,1.4879046327757262,NA,9980.59,-1.5426598366100743,3285.1,2299.55,0.9715204785276313,1.0168352548992718,0.5282779389941813
2012,624,501,Quesnel,-0.21954426728456283,summer,1.0186212507600807,0.4050756113991662,28.19042902,-0.2540728214943093,1.8807056184341042,-0.2749679451661205,0.9066242271565782,5324.360000000001,12591.67,0.5168595306341217,2971.96,1965.8899999999999,0.6358228681006725,-0.5219290135116352,2.0411370150315977
2013,179081,152204,Quesnel,-0.1626164911624908,summer,0.9954816068940625,2.23499005458738,92.14205459,1.1418261431484285,2.0157403591004774,1.9047129431811327,2.0248420215828467,NA,15543,-0.5763856235680681,2562,2298.7599999999998,2.26266513401594,-0.7663031540321126,2.0202518942337706
2014,832344,2170575,Quesnel,0.9585015714848353,summer,0.9570308128069157,-0.47567613540750514,49.20534487,-0.8180954890066834,2.0493496865195797,1.1683626142014543,1.967047297657371,8341,12008.44,-1.543248500348534,2441.15,2202.57,2.5504059429533346,0.23707654697896982,2.176572346258332
2015,45357,6344,Quesnel,-1.967055035333627,summer,0.9185800187197688,1.2523911714280642,81.604544,0.4545893787299925,2.0836027001282043,0.6543858888452685,1.8259234146220442,NA,10783.27,-1.6820801957189182,2396.11,2201.82,1.9417234625088469,-0.6940169101758645,0.7906513280629321
2016,1081,1026,Quesnel,-0.05221879190849346,summer,0.8801292246326219,-0.6096348413637508,NA,-0.9167532306605438,2.0836027001282043,0.09635401560140967,1.8755637851203413,1516.4,10610.6,-0.20944885578101644,1830,2151,1.4658444323431563,-1.9210176042777272,0.9666259024712036
2017,114581,121002,Quesnel,0.05452507791679374,summer,0.8424958636168289,0.9442861477286991,NA,0.2276765726581958,2.0836027001282043,-0.1826619210205197,1.9279718741176441,NA,9382,-0.7804952068150611,1786.46,2228.9700000000003,1.6281597604616858,-1.4649147236879814,2.4269986314085066
2018,817811,1558828,Quesnel,0.6450582772769838,summer,NA,NA,NA,NA,2.0836027001282043,-0.7616724361156514,NA,526,13274,NA,1760,2249,NA,-1.908192625529038,NA
2019,21632,44000,Quesnel,0.7100159340577077,summer,NA,NA,NA,NA,2.0836027001282043,NA,NA,NA,9875,NA,1931,2396,NA,NA,NA
1948,10359,63337,Raft,1.810613969477418,early,-0.5521329908251326,NA,NA,NA,0.13826321035326256,-1.2945299391379828,-0.7681728292955605,NA,NA,NA,NA,NA,-1.6587256339385494,-1.3560189950400205,-1.517519770168949
1949,6113,39626,Raft,1.869067817425479,early,-0.5406371924870921,NA,NA,NA,0.11326008687108312,-1.1392879894385632,-0.7681728292955605,NA,NA,NA,NA,NA,-1.0057753367344635,-0.38225333586682037,-0.20621422282844457
1950,6404,45539,Raft,1.9616463065424183,early,-0.5432907836517826,-1.0277360953001518,NA,-1.0277360953001518,0.08825696196778028,-1.1455815819939452,-0.7681728292955605,NA,NA,NA,NA,NA,-1.4189416264907213,-0.933727422060455,-0.7844155997665643
1951,8561,47645,Raft,1.716560687039803,early,-0.5673705613803303,-1.0392810768079217,NA,-1.0392810768079217,0.06325383848560084,-0.3651761051265939,-0.7681728292955605,NA,NA,NA,NA,NA,-0.6442548331977358,0.9492126396789108,-0.0386964759974767
1952,15617,51177,Raft,1.1869301478607834,early,-0.5858049875474535,-0.985636432899045,0,-0.985636432899045,0.038323823277363146,-0.5057330055301221,-0.7681728292955605,NA,NA,NA,NA,NA,-1.1127558939034945,0.9480467325199391,-0.5735626740973826
1953,7909,32124,Raft,1.4016020627889356,early,-0.6425219822764203,-0.8926380575557539,0,-0.8926380575557539,-0.12843677629889771,0.07747323793526406,-0.7681728292955605,NA,NA,NA,NA,NA,-1.411563657030787,0.13564262414842812,-1.0948881489638218
1954,9995,50257,Raft,1.6150648727675798,early,-0.6876255082335332,-0.9354212914074671,0,-0.9354212914074671,-0.2951973767278327,-2.26374319266679,-0.7681728292955605,NA,NA,NA,NA,NA,-1.5812569546092508,-0.045772529787575185,-0.15136629784277972
1955,5081,60515,Raft,2.4773831755789724,early,-0.716260234310674,-1.1961246436143982,0,-1.196199370067259,-0.46188486831437675,-1.239985470324673,-0.7681728292955605,NA,NA,NA,NA,NA,-0.9098617337553302,-1.1706397567635132,1.0716142550755587
1956,9037,27140,Raft,1.0996813934869043,early,-0.7707994084454703,-1.0260506536535519,0,-1.0262020879424933,-0.6286454684590871,1.2375921323106547,-0.7681728292955605,158.4,75.2,NA,NA,NA,0.7612483489195353,-0.30040665330700395,1.3886441149095168
1957,6881,20943,Raft,1.1130404714360314,early,-0.8215196993863103,-1.243129100484013,0.00557832,-1.243324894528639,-0.7954060686037974,0.8767594924687612,-0.7681728292955605,321,121.8,NA,NA,NA,-0.16099783357211353,-0.22112496649692545,0.4284685927223063
1958,10215,23120,Raft,0.8168408155345913,early,-0.86080459589152,-1.1977173625276618,0.01130455,-1.1977173625276618,-0.8122210348503619,1.0466864914640714,-0.7681728292955605,364.6,19.6,NA,NA,NA,-0.35282503953037503,0.801608793353088,-0.22960770887802334
1959,10210,23614,Raft,0.8384721243083438,early,-0.8899557878158436,-1.0277382308698424,0.014615997,-1.028241040853888,-0.8290360010969264,0.7592790981016329,-0.7681728292955605,NA,NA,NA,NA,NA,0.3001252576737109,1.3206706605273082,0.3587326036631307
1960,5553,16884,Raft,1.1120281056607821,early,-0.9011386605126738,-0.4009039383276107,0,-0.4009039383276107,-0.8459240759016573,-0.9609695337027437,-0.7681728292955605,958.6,35.9,NA,NA,NA,-0.5999870164381376,0.030477798409176853,-0.12940564783714087
1961,7301,24293,Raft,1.2021769179299977,early,-0.9079886163461494,-0.6880108307824199,0.037534697,-0.6903822333010645,-0.8627390421482218,0.1865621755618831,-0.7681728292955605,NA,NA,NA,NA,NA,0.263235410374047,-0.3283884251223258,0.3893655949734609
1962,7613,40549,Raft,1.6726538070208075,early,-1.0128337324578498,-0.5845676716929467,0,-0.5845676716929467,-0.8795540083947864,0.27257460715210197,-0.7681728292955605,1055.2,28.6,-1.6357889915180734,NA,NA,-0.5040734134590041,0.6003732177145651,-0.6826794429438852
1963,8724,9799,Raft,0.11620249131429887,early,-1.2364423369085078,-1.0032398329857315,0.177024893,-1.0053978020452676,-0.8964420831995172,-0.3190230930537935,-0.7681728292955605,NA,NA,-1.5857313113848763,NA,NA,-0.6147429553580036,-0.6417842694539304,-1.4384123463468488
1964,5201,48643,Raft,2.235656998596568,early,-1.3159955051734982,-0.578362537386547,0,-0.578362537386547,-0.9132570494460818,0.027124497492209115,-0.7681728292955605,1055.4,99.7,-1.125492252296161,NA,NA,-0.7180345277970687,-0.6793264799728206,-0.6552020377074885
1965,6624,20553,Raft,1.1323074986059132,early,-1.372343328577999,-1.4555175057983287,0.161092115,-1.4574377487911836,-0.9300720156926463,-0.14699822987335584,-0.7681728292955605,NA,NA,-0.8453757922304185,NA,NA,-0.264289406011176,-0.6280265649780639,0.5764036258827916
1966,6250,23219,Raft,1.3123894452719185,early,-1.3515245799878357,-0.3513518547881198,0,-0.3513518547881198,-0.9469600904973771,0.09006042304602774,-0.7681728292955605,1310.8,1025.9,-1.298507146737114,NA,NA,-0.14255290992227898,-0.4524409468369194,0.5552790372152273
1967,1303,9621,Raft,1.9992789112364195,early,-1.3352716886735605,-1.0470256407185208,0.14334589,-1.052941986042868,-0.9637750567439416,-0.39664406790350315,-0.7681728292955605,NA,227,-1.4546336490942944,NA,NA,-0.6258099095479038,-1.0682731082057941,-0.7083679948955908
1968,8121,106299,Raft,2.5718025786656558,early,-1.3032893282161904,-0.8400375060194842,0,-0.8400375060194842,-0.940894898399456,1.3613661192331648,-0.7681728292955605,390,480.9,0.46396059115647137,NA,NA,-0.7512353903667667,0.1207190125135898,-0.7433288388387732
1969,5593,13989,Raft,0.9167554906548425,early,-1.2668634991404335,-1.0412363916635416,0.441654415,-1.047688666252601,-0.917162051783302,-0.9777524471837621,-0.7681728292955605,NA,2703,-1.1688067255182115,NA,NA,-1.2566262983721919,0.1298130883535694,-2.1040698710131736
1970,4474,8823,Raft,0.6790790851720299,early,-1.2257800099930785,-1.063386182915959,0,-1.063386182915959,-0.9015296029146654,-1.4980227650953297,-0.7681728292955605,332.7,3249.4,-1.3591352593256223,NA,NA,-1.3931187333809552,-0.3134648134874875,-1.2563255514734288
1971,840,12328,Raft,2.6862264851625923,early,-1.2335116599525848,-1.28016271013201,0.48166146,-1.2892479751027703,-0.8857550266387149,-0.10294308198568279,-0.7681728292955605,NA,1563.03,-0.6664074358318764,NA,NA,-1.0758660466038281,-0.24910673831224725,-1.214056942570731
1972,11151,57734,Raft,1.644317074754441,early,-1.1865559415751636,-1.2073871990446894,0,-1.2073871990446894,-0.8695541050900313,-0.8917400155935432,-0.7681728292955605,655.8,2642.13,0.46596532834627175,NA,165.83,-1.0832440160637598,-0.17705367588779347,-0.5928032146851038
1973,2729,9339,Raft,1.2302639384013794,early,-1.137730035428525,-1.139852724805969,0.678213849,-1.1507405266036277,-0.8534952180071893,-0.05469220572775516,-0.7681728292955605,NA,13479.29,0.6254330593531193,NA,NA,-1.4890323363600857,0.7864520002864553,-1.7542740630945783
1974,2396,12017,Raft,1.6125216336759598,early,-1.0845145708461514,-0.6922277953870182,0,-0.6922402551541765,-0.8566216818880477,-1.07215633551449,-0.7681728292955605,1129.7,6426.54,0.03792356351798675,NA,NA,-1.3931187333809552,1.244420332330556,-1.274011454741449
1975,2664,6709,Raft,0.9236211559026083,early,-1.023722511599447,-0.8753810800410187,0.812772992,-0.888695232611001,-0.859890158917896,1.5543696242648752,-0.7681728292955605,NA,7313.1500000000005,1.666802905036693,NA,NA,-0.8065701613162677,1.5393948435504072,0.23931879949167853
1976,8684,19870,Raft,0.82772880454768,early,-0.9538250427343234,-0.15258252970093936,9.30121e-4,-0.15728443741321754,-0.8625379203543514,0.7320068636949781,-0.7681728292955605,1538.2,7171.98,-0.36502861163188755,NA,NA,0.4513736316023427,0.9902525716747163,-0.48674304682117353
1977,648,6940,Raft,2.3711663571485757,early,-0.8839275738691998,-0.3334807506857395,0.993899762,-0.3644130402736091,-0.8653803781171826,-0.285457266091757,-0.7681728292955605,NA,7256.24,0.9321578493925758,NA,NA,-0.8065701613162677,-0.5072385833085913,0.3501444325098262
1978,2500,18495,Raft,2.0012096934102623,early,-0.7953647030619272,-0.20095192933398026,0.350996726,-0.23497483782920997,-0.8684090793642035,0.7152239502139598,-0.7681728292955605,1224.9,3661.65,0.0545082075426989,NA,16.32,-0.020816413833381973,-1.1659761281276264,-0.39278284471422165
1979,1780,3039,Raft,0.5349151496306622,early,-0.6996402413810295,-0.11501939669354855,2.309091401,-0.17849357009657565,-0.8366521776092972,1.2921366011239643,-0.7681728292955605,NA,3509.29,1.6605456950200435,8.9,12.96,0.08616414333564898,-0.4615350226768989,0.8986538062796064
1980,5418,51611,Raft,2.2540080843999233,early,-0.6019874764638267,-0.3111547225560138,2.539805717,-0.411953910668659,-0.8036369173821577,0.45928451962843064,-0.7681728292955605,1029.8,5731.63,-0.2274307408774076,82.17999999999999,34.11,-0.20526565033171174,-0.19967227477184535,-1.3338118445393503
1981,873,8610,Raft,2.2887440415821745,early,-0.5261110141268617,0.08475850750953755,4.738338745,-0.02907038579269715,-0.7694941425121448,0.8746616282836339,-0.7681728292955605,NA,5461.660000000001,1.762605042864426,117.32,126.13,1.0526781425868987,0.3711558702607203,0.91876510083095
1982,2992,3770,Raft,0.23113294134768858,early,-0.4292518641676974,0.1670719755810049,7.52464633,0.04486930883398732,-0.7337818635734266,1.8103090548504046,-0.7681728292955605,1835.4,12507.16,0.23505605384835643,276.46,596.71,0.6210669291808064,0.12678172974024285,0.5102867615373122
1983,2857,5563,Raft,0.6663654078445201,early,-0.3184651027867885,0.7891503024468391,8.497312129,0.5857976981190268,-0.6967661485534836,0.7424961846206146,-0.7681728292955605,NA,22174.149999999998,1.2109378179984516,518.51,2062.9300000000003,-0.020816413833381973,0.24687016711433243,-1.1465248190195916
1984,19098,46738,Raft,0.894973920765604,early,-0.18722822400556066,0.40506206281564566,9.122413205,0.24660672080018975,-0.6602625256993638,1.1285031946840358,-0.7532628618976906,2120.52,26542.03,-0.5384080037437134,1310.78,2915.4,-0.2458444823613441,-0.9439874050594065,-0.7718412497837398
1985,3638,4526,Raft,0.21840446711541503,early,-0.046497688851932846,-0.20735903492281324,15.18024551,-0.5528427761713861,-0.6224341851563696,1.9256915850324055,-0.7078782305967896,NA,27781.22,-0.3650650613989747,3795.7599999999998,1607.46,0.8424060129788026,0.3732545031468694,-0.6073455232831187
1986,2126,3013,Raft,0.34869398022840803,early,0.0873359213927342,-0.18137388723145492,11.82867065,-0.3579086766454907,-0.5835334192519741,0.9585761956887253,-0.5697899097861789,1723.52,34939.87,0.12940275896916822,3594.9900000000002,1263.73,0.6653347459404045,0.9044418047743957,-0.3739708042603379
1987,1512,3820,Raft,0.9268171448611425,early,0.22091069145535694,0.6338510382604087,25.79031645,0.2731606638549736,-0.5428553055711597,-0.5497881534177953,-0.4119704345149142,NA,29971.14,-0.2579956930684459,3616.16,1616.29,0.22265657834441469,0.9270604036584476,0.02805971903615465
1988,19857,50485,Raft,0.9331196726513888,early,0.36169830858915214,0.4345553599466107,13.17829904,-0.05983161681099602,-0.5009000444609656,-0.4805586353085948,-0.362955032709941,1857.11,25524.960000000003,-0.2605666166403353,3229.8500000000004,2957.03,0.7833822572993357,0.18321163623447526,0.43545239766574567
1989,1647,11292,Raft,1.9251390591957396,early,0.4965118858955183,1.1587743039168599,26.92548964,0.6521692992024452,-0.44997792053467894,-1.3826402349133289,-0.03978669743355723,NA,28211.5,-0.5292287373989003,3464.32,2035.8,0.3554600286232119,-0.7164023276281221,-0.14588719318351395
1990,630,2544,Raft,1.3957731050744344,early,0.6241638729570539,-0.08251099585694494,36.90592358,-0.2719189248833969,-0.3963193395898333,0.4676759763689398,-0.17620843506197084,3847.4,26982.07,0.96106190719667,3233.13,2706.44,1.4695334170731222,-0.1588655242078343,0.2951939226037243
1991,464,1461,Raft,1.1469918595244442,early,0.755160857139653,0.758461593992771,37.81799782,0.4592861772572254,-0.3349278328633635,0.6564837530303957,-0.00612766923597089,NA,27831.460000000003,1.1587083392429707,3934.3,4199.320000000001,1.2592612874650262,-1.9242821443228484,0.9565373759303536
1992,8242,67353,Raft,2.1007044123775622,early,0.886157841322252,0.5545046711318877,14.13927726,0.005956650370639317,-0.2704812145898618,0.9984356152061438,-0.06189868501163561,4749.88,25416.940000000002,0.857055534293709,3806.4300000000003,4073.36,0.8497839824387343,-1.719315665775616,0.4404879574144207
1993,5047,33574,Raft,1.894957950542097,early,0.995263243482533,1.3256573819626185,22.33340593,0.9710802653473921,-0.2029926365561487,-0.6337027208228869,0.04607209686355735,NA,22435.53,1.0923642956790587,4337.42,5912.14,0.9604535243377338,-1.1228375632456717,0.012726443451345652
1994,1712,28472,Raft,2.811258870488341,early,1.090441034849864,0.927093875349991,40.94903857,0.5704137999517881,-0.13930215173328472,1.021512121242544,0.06005949142842524,2106.4500000000003,25623.01,-0.2930597615102905,3922.9500000000003,4603.92,1.336729966794325,-0.5382517137372397,0.34977408767449514
1995,1046,27229,Raft,3.2593092161673383,early,1.1859818117740926,0.2447451957929584,26.46913575,-0.2211567856550677,-0.06427208830842318,0.6250157902534864,0.32334987380158736,317.40999999999997,24383.1,1.3236696576459894,4121.33,5060.41,1.3736198140939915,-1.0281659019371663,1.529459062687718
1996,46615,111999,Raft,0.8765675649351491,early,1.2676393739530658,0.6510523126641572,26.6261213,0.15854061445412246,0.013439967579387048,1.6445777842253488,0.48950226498383714,981.99,24835.34,-0.5564731158082874,3678.94,1992.73,1.2998401194946585,0.9091054334102827,0.41225118817953266
1997,6093,51264,Raft,2.1298481801795366,early,1.3309252712185444,1.8154127471784849,34.77952241,1.0874900727183459,0.09696049174844101,-0.7490852510048877,0.7138957863010794,NA,18787.45,1.5703841586490674,3983.8,6255.21,-0.7401684361768666,1.5032517216222832,-1.4442842947991894
1998,7229,16230,Raft,0.8087606675083397,early,1.3853645990476486,0.15541765121720919,36.76593431,-0.38756099883547074,0.1833683422420601,-1.4120103335051108,0.6930634965236167,1022.16,20582.04,0.45519745965257125,4491.07,6104.44,-0.23108854344147803,1.6433937621306869,0.04854780839684496
1999,6979,61057,Raft,2.1689022140633907,early,1.4325910798055799,1.2192622028673572,54.33933313,0.5746372553915249,0.28588189972484285,0.11103906489730068,1.2585113619118928,NA,14553.88,-1.032898908964345,4156.84,6606.860000000001,-0.30855722277077685,2.4924073552939108,-0.16216105709842651
2000,66292,115343,Raft,0.5538410716449355,early,1.4133671120122921,0.6425855638399186,40.53328563,0.2266145118685242,0.3965593977893624,-0.8518805960761249,1.740630068190318,2939.4900000000002,8046.72,-0.13267349637284354,4706.68,4629.41,-0.1978876808717774,1.929507378942353,0.32324149952097164
2001,32506,96065,Raft,1.0836003580026805,early,1.394143144219004,1.4798645518175015,48.12116863,0.6729854238342687,0.5115566165424594,1.646675648410476,1.1825330250520891,NA,10810.640000000001,1.2404639518275022,4855.78,3745.72,0.5731101276912397,1.727105896144858,0.6887291844771556
2002,18461,42788,Raft,0.8405972906554521,early,1.3543347252184246,0.7698970378685563,31.05218501,0.36201461484044634,0.6337270752033264,-0.048398613172373234,0.8912976139631591,4324.2,10834.58,1.1385917127875012,4785.07,5121.14,0.565732158231308,0.43271576825442837,1.3019071852412383
2003,10093,8475,Raft,-0.17472146099020855,early,1.3298374564389737,2.145824688458584,60.23342207,1.215590527356215,0.696244159581429,0.03971168260297286,1.1228336346326744,NA,11289.27,0.08835181628323778,4511.35,5241.37,1.0563671273168644,-1.3126472487262717,2.064182065609511
2004,5611,50869,Raft,2.204524743920977,early,1.2997839297005322,-0.14289605738805372,30.44836984,-0.5065882895283237,0.7587950539071513,-0.06308366246826427,1.3285971368060714,1347.47,10710.57,0.44185623740250884,3646.24,3982.72,0.36283799808314365,-0.8273966891622321,0.1213843297386308
2005,26501,9570,Raft,-1.018549262664391,early,1.2697304023332958,1.286358462947755,69.44185929,0.41562064515233116,0.8657098818256511,-0.46587358601270373,1.35978605064433,NA,11721.31,1.2160140555614731,4067.17,5687.23,-0.26060042128121014,-0.19897273047646227,-0.5871516501547972
2006,6073,18078,Raft,1.0908430124607809,early,1.2289016212438093,-0.07210836824573383,27.1495779,-0.6696204539747842,0.9712631669100674,-1.057471286218599,1.4441270638290864,2868.05,7991.51,0.13992580672726587,3203.2799999999997,3009.57,-1.2123584816125912,0.9802257701075592,-1.0901500429874793
2007,14357,11146,Raft,-0.25315693899821223,early,1.188072840154323,0.7683784712611401,65.00046501,0.3701949063678679,1.1387136750164895,-1.4770441232440568,1.315770398385948,NA,14500.359999999999,-1.5316398570273535,2769.27,2857.42,-0.2901122991209423,0.5530373870603122,0.01563512890347435
2008,10406,19400,Raft,0.6228905032011707,early,1.1380550820059434,0.37520716693093153,44.60419958,-0.6258414753228656,1.317081284608051,0.04180954678810015,1.3839515067861867,2942.8500000000004,12884.98,0.44309674447571246,3018.08,3457.61,0.08247515860568312,1.6298692390866145,-0.4699485074923377
2009,11464,37414,Raft,1.1828332754008422,early,1.0880373244863586,1.0940074410576386,29.72435139,0.6584570462446842,1.506365997105876,-1.3931295558389651,1.7403622244646078,NA,15208.710000000001,0.9843083536527012,3173.94,3141.94,-0.6922116346873024,0.6206600022806733,-0.15252602734077372
2010,5119,44606,Raft,2.1649092716503198,early,1.038019566337979,-0.16792067561174587,74.72815116,-0.5455560146648467,1.6272328450294486,-1.8252895779751865,1.6338794632878049,5858.38,8304.43,0.691456952462781,3280.2599999999998,3413.2,-0.8434600086159316,0.6446776897554913,-1.3454239279135205
2011,9243,23731,Raft,0.9429157020272404,early,1.0417608946260988,3.149096120648266,32.51378041,1.914773080811693,1.7507041872917402,-0.9357951634812163,1.4879046327757262,NA,9980.59,-1.5426598366100743,3285.1,2299.55,0.9715204785276313,1.0168352548992718,0.5282779389941813
2012,10008,21388,Raft,0.7594452439218752,early,1.0186212507600807,0.4050756113991662,28.19042902,-0.2540728214943093,1.878618147576063,-0.2749679451661205,0.9066242271565782,5324.360000000001,12591.67,0.5168595306341217,2971.96,1965.8899999999999,0.6358228681006725,-0.5219290135116352,2.0411370150315977
2013,16394,5411,Raft,-1.1084814955702407,early,0.9954816068940625,2.23499005458738,92.14205459,1.1418261431484285,2.0095197910796174,1.9047129431811327,2.0248420215828467,NA,15543,-0.5763856235680681,2562,2298.7599999999998,2.26266513401594,-0.7663031540321126,2.0202518942337706
2014,17102,11857,Raft,-0.36627700525783,early,0.9570308128069157,-0.47567613540750514,49.20534487,-0.8180954890066834,2.0401469153368064,1.1683626142014543,1.967047297657371,8341,12008.44,-1.543248500348534,2441.15,2202.57,2.5504059429533346,0.23707654697896982,2.176572346258332
2015,16054,1393,Raft,-2.4444983449117164,early,0.9185800187197688,1.2523911714280642,81.604544,0.4545893787299925,2.071224846948623,0.6543858888452685,1.8259234146220442,NA,10783.27,-1.6820801957189182,2396.11,2201.82,1.9417234625088469,-0.6940169101758645,0.7906513280629321
2016,8150,7681,Raft,-0.05926818023622641,early,0.8801292246326219,-0.6096348413637508,NA,-0.9167532306605438,2.071224846948623,0.09635401560140967,1.8755637851203413,1516.4,10610.6,-0.20944885578101644,1830,2151,1.4658444323431563,-1.9210176042777272,0.9666259024712036
2017,4518,4158,Raft,-0.0830352286099904,early,0.8424958636168289,0.9442861477286991,NA,0.2276765726581958,2.071224846948623,-0.1826619210205197,1.9279718741176441,NA,9382,-0.7804952068150611,1786.46,2228.9700000000003,1.6281597604616858,-1.4649147236879814,2.4269986314085066
2018,3544,8748,Raft,0.9035690700716869,early,NA,NA,NA,NA,2.071224846948623,-0.7616724361156514,NA,526,13274,NA,1760,2249,NA,-1.908192625529038,NA
2019,619,10161,Raft,2.7982068688012856,early,NA,NA,NA,NA,2.071224846948623,NA,NA,NA,9875,NA,1931,2396,NA,NA,NA
1948,50,51,Scotch,0.01980262729617973,early,-0.5521329908251326,NA,NA,NA,0.13826321035326256,-1.2945299391379828,-0.7681728292955605,NA,NA,NA,NA,NA,-1.6587256339385494,-1.3560189950400205,-1.517519770168949
1949,1764,6023,Scotch,1.2280015164769844,early,-0.5406371924870921,NA,NA,NA,0.11326008687108312,-1.1392879894385632,-0.7681728292955605,NA,NA,NA,NA,NA,-1.0057753367344635,-0.38225333586682037,-0.20621422282844457
1950,50,NA,Scotch,NA,early,-0.5432907836517826,-1.0277360953001518,NA,-1.0277360953001518,0.08825696196778028,-1.1455815819939452,-0.7681728292955605,NA,NA,NA,NA,NA,-1.4189416264907213,-0.933727422060455,-0.7844155997665643
1951,NA,NA,Scotch,NA,early,-0.5673705613803303,-1.0392810768079217,NA,-1.0392810768079217,0.06325383848560084,-0.3651761051265939,-0.7681728292955605,NA,NA,NA,NA,NA,-0.6442548331977358,0.9492126396789108,-0.0386964759974767
1952,338,35,Scotch,-2.267697833993605,early,-0.5858049875474535,-0.985636432899045,0,-0.985636432899045,0.038323823277363146,-0.5057330055301221,-0.7681728292955605,NA,NA,NA,NA,NA,-1.1127558939034945,0.9480467325199391,-0.5735626740973826
1953,1364,9205,Scotch,1.9093252552637707,early,-0.6425219822764203,-0.8926380575557539,0,-0.8926380575557539,-0.12843677629889771,0.07747323793526406,-0.7681728292955605,NA,NA,NA,NA,NA,-1.411563657030787,0.13564262414842812,-1.0948881489638218
1954,NA,NA,Scotch,NA,early,-0.6876255082335332,-0.9354212914074671,0,-0.9354212914074671,-0.2951973767278327,-2.26374319266679,-0.7681728292955605,NA,NA,NA,NA,NA,-1.5812569546092508,-0.045772529787575185,-0.15136629784277972
1955,NA,NA,Scotch,NA,early,-0.716260234310674,-1.1961246436143982,0,-1.196199370067259,-0.46188486831437675,-1.239985470324673,-0.7681728292955605,NA,NA,NA,NA,NA,-0.9098617337553302,-1.1706397567635132,1.0716142550755587
1956,155,952,Scotch,1.8151399178721186,early,-0.7707994084454703,-1.0260506536535519,0,-1.0262020879424933,-0.6286454684590871,1.2375921323106547,-0.7681728292955605,158.4,75.2,NA,NA,NA,0.7612483489195353,-0.30040665330700395,1.3886441149095168
1957,2230,1196,Scotch,-0.6230189299435873,early,-0.8215196993863103,-1.243129100484013,0.00557832,-1.243324894528639,-0.7954060686037974,0.8767594924687612,-0.7681728292955605,321,121.8,NA,NA,NA,-0.16099783357211353,-0.22112496649692545,0.4284685927223063
1958,NA,23,Scotch,NA,early,-0.86080459589152,-1.1977173625276618,0.01130455,-1.1977173625276618,-0.8122210348503619,1.0466864914640714,-0.7681728292955605,364.6,19.6,NA,NA,NA,-0.35282503953037503,0.801608793353088,-0.22960770887802334
1959,NA,NA,Scotch,NA,early,-0.8899557878158436,-1.0277382308698424,0.014615997,-1.028241040853888,-0.8290360010969264,0.7592790981016329,-0.7681728292955605,NA,NA,NA,NA,NA,0.3001252576737109,1.3206706605273082,0.3587326036631307
1960,11,NA,Scotch,NA,early,-0.9011386605126738,-0.4009039383276107,0,-0.4009039383276107,-0.8459240759016573,-0.9609695337027437,-0.7681728292955605,958.6,35.9,NA,NA,NA,-0.5999870164381376,0.030477798409176853,-0.12940564783714087
1961,598,8185,Scotch,2.6164677358546036,early,-0.9079886163461494,-0.6880108307824199,0.037534697,-0.6903822333010645,-0.8627390421482218,0.1865621755618831,-0.7681728292955605,NA,NA,NA,NA,NA,0.263235410374047,-0.3283884251223258,0.3893655949734609
1962,7,2717,Scotch,5.961373460371035,early,-1.0128337324578498,-0.5845676716929467,0,-0.5845676716929467,-0.8795540083947864,0.27257460715210197,-0.7681728292955605,1055.2,28.6,-1.6357889915180734,NA,NA,-0.5040734134590041,0.6003732177145651,-0.6826794429438852
1963,NA,NA,Scotch,NA,early,-1.2364423369085078,-1.0032398329857315,0.177024893,-1.0053978020452676,-0.8964420831995172,-0.3190230930537935,-0.7681728292955605,NA,NA,-1.5857313113848763,NA,NA,-0.6147429553580036,-0.6417842694539304,-1.4384123463468488
1964,NA,222,Scotch,NA,early,-1.3159955051734982,-0.578362537386547,0,-0.578362537386547,-0.9132570494460818,0.027124497492209115,-0.7681728292955605,1055.4,99.7,-1.125492252296161,NA,NA,-0.7180345277970687,-0.6793264799728206,-0.6552020377074885
1965,1910,16437,Scotch,2.15243164916585,early,-1.372343328577999,-1.4555175057983287,0.161092115,-1.4574377487911836,-0.9300720156926463,-0.14699822987335584,-0.7681728292955605,NA,NA,-0.8453757922304185,NA,NA,-0.264289406011176,-0.6280265649780639,0.5764036258827916
1966,459,2956,Scotch,1.8625420720075472,early,-1.3515245799878357,-0.3513518547881198,0,-0.3513518547881198,-0.9469600904973771,0.09006042304602774,-0.7681728292955605,1310.8,1025.9,-1.298507146737114,NA,NA,-0.14255290992227898,-0.4524409468369194,0.5552790372152273
1967,NA,NA,Scotch,NA,early,-1.3352716886735605,-1.0470256407185208,0.14334589,-1.052941986042868,-0.9637750567439416,-0.39664406790350315,-0.7681728292955605,NA,227,-1.4546336490942944,NA,NA,-0.6258099095479038,-1.0682731082057941,-0.7083679948955908
1968,126,NA,Scotch,NA,early,-1.3032893282161904,-0.8400375060194842,0,-0.8400375060194842,-0.940894898399456,1.3613661192331648,-0.7681728292955605,390,480.9,0.46396059115647137,NA,NA,-0.7512353903667667,0.1207190125135898,-0.7433288388387732
1969,3395,33883,Scotch,2.3006096526688884,early,-1.2668634991404335,-1.0412363916635416,0.441654415,-1.047688666252601,-0.917162051783302,-0.9777524471837621,-0.7681728292955605,NA,2703,-1.1688067255182115,NA,NA,-1.2566262983721919,0.1298130883535694,-2.1040698710131736
1970,304,2236,Scotch,1.995416132868768,early,-1.2257800099930785,-1.063386182915959,0,-1.063386182915959,-0.9015296029146654,-1.4980227650953297,-0.7681728292955605,332.7,3249.4,-1.3591352593256223,NA,NA,-1.3931187333809552,-0.3134648134874875,-1.2563255514734288
1971,NA,NA,Scotch,NA,early,-1.2335116599525848,-1.28016271013201,0.48166146,-1.2892479751027703,-0.8857550266387149,-0.10294308198568279,-0.7681728292955605,NA,1563.03,-0.6664074358318764,NA,NA,-1.0758660466038281,-0.24910673831224725,-1.214056942570731
1972,47,NA,Scotch,NA,early,-1.1865559415751636,-1.2073871990446894,0,-1.2073871990446894,-0.8695541050900313,-0.8917400155935432,-0.7681728292955605,655.8,2642.13,0.46596532834627175,NA,165.83,-1.0832440160637598,-0.17705367588779347,-0.5928032146851038
1973,6235,57906,Scotch,2.2286424270210543,early,-1.137730035428525,-1.139852724805969,0.678213849,-1.1507405266036277,-0.8534952180071893,-0.05469220572775516,-0.7681728292955605,NA,13479.29,0.6254330593531193,NA,NA,-1.4890323363600857,0.7864520002864553,-1.7542740630945783
1974,464,7918,Scotch,2.8370093754398207,early,-1.0845145708461514,-0.6922277953870182,0,-0.6922402551541765,-0.8566216818880477,-1.07215633551449,-0.7681728292955605,1129.7,6426.54,0.03792356351798675,NA,NA,-1.3931187333809552,1.244420332330556,-1.274011454741449
1975,NA,NA,Scotch,NA,early,-1.023722511599447,-0.8753810800410187,0.812772992,-0.888695232611001,-0.859890158917896,1.5543696242648752,-0.7681728292955605,NA,7313.1500000000005,1.666802905036693,NA,NA,-0.8065701613162677,1.5393948435504072,0.23931879949167853
1976,41,279,Scotch,1.9176397151170579,early,-0.9538250427343234,-0.15258252970093936,9.30121e-4,-0.15728443741321754,-0.8625379203543514,0.7320068636949781,-0.7681728292955605,1538.2,7171.98,-0.36502861163188755,NA,NA,0.4513736316023427,0.9902525716747163,-0.48674304682117353
1977,13586,77540,Scotch,1.741754081473673,early,-0.8839275738691998,-0.3334807506857395,0.993899762,-0.3644130402736091,-0.8653803781171826,-0.285457266091757,-0.7681728292955605,NA,7256.24,0.9321578493925758,NA,NA,-0.8065701613162677,-0.5072385833085913,0.3501444325098262
1978,2056,19328,Scotch,2.240792474159486,early,-0.7953647030619272,-0.20095192933398026,0.350996726,-0.23497483782920997,-0.8684090793642035,0.7152239502139598,-0.7681728292955605,1224.9,3661.65,0.0545082075426989,NA,16.32,-0.020816413833381973,-1.1659761281276264,-0.39278284471422165
1979,NA,744,Scotch,NA,early,-0.6996402413810295,-0.11501939669354855,2.309091401,-0.17849357009657565,-0.8366521776092972,1.2921366011239643,-0.7681728292955605,NA,3509.29,1.6605456950200435,8.9,12.96,0.08616414333564898,-0.4615350226768989,0.8986538062796064
1980,205,1532,Scotch,2.0113193711621284,early,-0.6019874764638267,-0.3111547225560138,2.539805717,-0.411953910668659,-0.8036369173821577,0.45928451962843064,-0.7681728292955605,1029.8,5731.63,-0.2274307408774076,82.17999999999999,34.11,-0.20526565033171174,-0.19967227477184535,-1.3338118445393503
1981,18952,25296,Scotch,0.2887368136106319,early,-0.5261110141268617,0.08475850750953755,4.738338745,-0.02907038579269715,-0.7694941425121448,0.8746616282836339,-0.7681728292955605,NA,5461.660000000001,1.762605042864426,117.32,126.13,1.0526781425868987,0.3711558702607203,0.91876510083095
1982,4709,109405,Scotch,3.1455810215211972,early,-0.4292518641676974,0.1670719755810049,7.52464633,0.04486930883398732,-0.7337818635734266,1.8103090548504046,-0.7681728292955605,1835.4,12507.16,0.23505605384835643,276.46,596.71,0.6210669291808064,0.12678172974024285,0.5102867615373122
1983,239,2632,Scotch,2.399035740513697,early,-0.3184651027867885,0.7891503024468391,8.497312129,0.5857976981190268,-0.6967661485534836,0.7424961846206146,-0.7681728292955605,NA,22174.149999999998,1.2109378179984516,518.51,2062.9300000000003,-0.020816413833381973,0.24687016711433243,-1.1465248190195916
1984,428,2613,Scotch,1.8091310699388157,early,-0.18722822400556066,0.40506206281564566,9.122413205,0.24660672080018975,-0.6602625256993638,1.1285031946840358,-0.7532628618976906,2120.52,26542.03,-0.5384080037437134,1310.78,2915.4,-0.2458444823613441,-0.9439874050594065,-0.7718412497837398
1985,3442,42541,Scotch,2.5144156189937106,early,-0.046497688851932846,-0.20735903492281324,15.18024551,-0.5528427761713861,-0.6224341851563696,1.9256915850324055,-0.7078782305967896,NA,27781.22,-0.3650650613989747,3795.7599999999998,1607.46,0.8424060129788026,0.3732545031468694,-0.6073455232831187
1986,26624,257059,Scotch,2.267492565893242,early,0.0873359213927342,-0.18137388723145492,11.82867065,-0.3579086766454907,-0.5835334192519741,0.9585761956887253,-0.5697899097861789,1723.52,34939.87,0.12940275896916822,3594.9900000000002,1263.73,0.6653347459404045,0.9044418047743957,-0.3739708042603379
1987,2097,30395,Scotch,2.673770369280903,early,0.22091069145535694,0.6338510382604087,25.79031645,0.2731606638549736,-0.5428553055711597,-0.5497881534177953,-0.4119704345149142,NA,29971.14,-0.2579956930684459,3616.16,1616.29,0.22265657834441469,0.9270604036584476,0.02805971903615465
1988,2093,3320,Scotch,0.4613663394645345,early,0.36169830858915214,0.4345553599466107,13.17829904,-0.05983161681099602,-0.5009000444609656,-0.4805586353085948,-0.362955032709941,1857.11,25524.960000000003,-0.2605666166403353,3229.8500000000004,2957.03,0.7833822572993357,0.18321163623447526,0.43545239766574567
1989,7236,16150,Scotch,0.802851482135617,early,0.4965118858955183,1.1587743039168599,26.92548964,0.6521692992024452,-0.44997792053467894,-1.3826402349133289,-0.03978669743355723,NA,28211.5,-0.5292287373989003,3464.32,2035.8,0.3554600286232119,-0.7164023276281221,-0.14588719318351395
1990,83406,316015,Scotch,1.3320694315917452,early,0.6241638729570539,-0.08251099585694494,36.90592358,-0.2719189248833969,-0.3963193395898333,0.4676759763689398,-0.17620843506197084,3847.4,26982.07,0.96106190719667,3233.13,2706.44,1.4695334170731222,-0.1588655242078343,0.2951939226037243
1991,9954,25706,Scotch,0.9487499472515776,early,0.755160857139653,0.758461593992771,37.81799782,0.4592861772572254,-0.3349278328633635,0.6564837530303957,-0.00612766923597089,NA,27831.460000000003,1.1587083392429707,3934.3,4199.320000000001,1.2592612874650262,-1.9242821443228484,0.9565373759303536
1992,2281,2453,Scotch,0.07269782197410125,early,0.886157841322252,0.5545046711318877,14.13927726,0.005956650370639317,-0.2704812145898618,0.9984356152061438,-0.06189868501163561,4749.88,25416.940000000002,0.857055534293709,3806.4300000000003,4073.36,0.8497839824387343,-1.719315665775616,0.4404879574144207
1993,8528,11827,Scotch,0.32703018584549104,early,0.995263243482533,1.3256573819626185,22.33340593,0.9710802653473921,-0.2029926365561487,-0.6337027208228869,0.04607209686355735,NA,22435.53,1.0923642956790587,4337.42,5912.14,0.9604535243377338,-1.1228375632456717,0.012726443451345652
1994,73183,184255,Scotch,0.9233575141851846,early,1.090441034849864,0.927093875349991,40.94903857,0.5704137999517881,-0.13930215173328472,1.021512121242544,0.06005949142842524,2106.4500000000003,25623.01,-0.2930597615102905,3922.9500000000003,4603.92,1.336729966794325,-0.5382517137372397,0.34977408767449514
1995,14773,14165,Scotch,-0.0420270570569912,early,1.1859818117740926,0.2447451957929584,26.46913575,-0.2211567856550677,-0.06427208830842318,0.6250157902534864,0.32334987380158736,317.40999999999997,24383.1,1.3236696576459894,4121.33,5060.41,1.3736198140939915,-1.0281659019371663,1.529459062687718
1996,4665,4148,Scotch,-0.11746154393202622,early,1.2676393739530658,0.6510523126641572,26.6261213,0.15854061445412246,0.013439967579387048,1.6445777842253488,0.48950226498383714,981.99,24835.34,-0.5564731158082874,3678.94,1992.73,1.2998401194946585,0.9091054334102827,0.41225118817953266
1997,3095,2249,Scotch,-0.3193022331593808,early,1.3309252712185444,1.8154127471784849,34.77952241,1.0874900727183459,0.09696049174844101,-0.7490852510048877,0.7138957863010794,NA,18787.45,1.5703841586490674,3983.8,6255.21,-0.7401684361768666,1.5032517216222832,-1.4442842947991894
1998,35993,193542,Scotch,1.6821700680756402,early,1.3853645990476486,0.15541765121720919,36.76593431,-0.38756099883547074,0.1833683422420601,-1.4120103335051108,0.6930634965236167,1022.16,20582.04,0.45519745965257125,4491.07,6104.44,-0.23108854344147803,1.6433937621306869,0.04854780839684496
1999,4093,26423,Scotch,1.8649566454782125,early,1.4325910798055799,1.2192622028673572,54.33933313,0.5746372553915249,0.28588189972484285,0.11103906489730068,1.2585113619118928,NA,14553.88,-1.032898908964345,4156.84,6606.860000000001,-0.30855722277077685,2.4924073552939108,-0.16216105709842651
2000,3769,41210,Scotch,2.3918712310657275,early,1.4133671120122921,0.6425855638399186,40.53328563,0.2266145118685242,0.3965593977893624,-0.8518805960761249,1.740630068190318,2939.4900000000002,8046.72,-0.13267349637284354,4706.68,4629.41,-0.1978876808717774,1.929507378942353,0.32324149952097164
2001,2597,17024,Scotch,1.8802671804786224,early,1.394143144219004,1.4798645518175015,48.12116863,0.6729854238342687,0.5115566165424594,1.646675648410476,1.1825330250520891,NA,10810.640000000001,1.2404639518275022,4855.78,3745.72,0.5731101276912397,1.727105896144858,0.6887291844771556
2002,101269,691053,Scotch,1.9204361785577289,early,1.3543347252184246,0.7698970378685563,31.05218501,0.36201461484044634,0.6337270752033264,-0.048398613172373234,0.8912976139631591,4324.2,10834.58,1.1385917127875012,4785.07,5121.14,0.565732158231308,0.43271576825442837,1.3019071852412383
2003,5091,1681,Scotch,-1.1080854204937203,early,1.3298374564389737,2.145824688458584,60.23342207,1.215590527356215,0.696244159581429,0.03971168260297286,1.1228336346326744,NA,11289.27,0.08835181628323778,4511.35,5241.37,1.0563671273168644,-1.3126472487262717,2.064182065609511
2004,783,3915,Scotch,1.6094379124341003,early,1.2997839297005322,-0.14289605738805372,30.44836984,-0.5065882895283237,0.7587950539071513,-0.06308366246826427,1.3285971368060714,1347.47,10710.57,0.44185623740250884,3646.24,3982.72,0.36283799808314365,-0.8273966891622321,0.1213843297386308
2005,5171,5840,Scotch,0.12166470342605136,early,1.2697304023332958,1.286358462947755,69.44185929,0.41562064515233116,0.8657098818256511,-0.46587358601270373,1.35978605064433,NA,11721.31,1.2160140555614731,4067.17,5687.23,-0.26060042128121014,-0.19897273047646227,-0.5871516501547972
2006,144199,1023585,Scotch,1.9598721600024358,early,1.2289016212438093,-0.07210836824573383,27.1495779,-0.6696204539747842,0.9712631669100674,-1.057471286218599,1.4441270638290864,2868.05,7991.51,0.13992580672726587,3203.2799999999997,3009.57,-1.2123584816125912,0.9802257701075592,-1.0901500429874793
2007,8274,49345,Scotch,1.7857183755847508,early,1.188072840154323,0.7683784712611401,65.00046501,0.3701949063678679,1.1387136750164895,-1.4770441232440568,1.315770398385948,NA,14500.359999999999,-1.5316398570273535,2769.27,2857.42,-0.2901122991209423,0.5530373870603122,0.01563512890347435
2008,654,5066,Scotch,2.047199479104422,early,1.1380550820059434,0.37520716693093153,44.60419958,-0.6258414753228656,1.317081284608051,0.04180954678810015,1.3839515067861867,2942.8500000000004,12884.98,0.44309674447571246,3018.08,3457.61,0.08247515860568312,1.6298692390866145,-0.4699485074923377
2009,5770,46984,Scotch,2.0971350377002103,early,1.0880373244863586,1.0940074410576386,29.72435139,0.6584570462446842,1.506365997105876,-1.3931295558389651,1.7403622244646078,NA,15208.710000000001,0.9843083536527012,3173.94,3141.94,-0.6922116346873024,0.6206600022806733,-0.15252602734077372
2010,522367,385862,Scotch,-0.30289061339375667,early,1.038019566337979,-0.16792067561174587,74.72815116,-0.5455560146648467,1.6272328450294486,-1.8252895779751865,1.6338794632878049,5858.38,8304.43,0.691456952462781,3280.2599999999998,3413.2,-0.8434600086159316,0.6446776897554913,-1.3454239279135205
2011,33807,8136,Scotch,-1.4243692228920632,early,1.0417608946260988,3.149096120648266,32.51378041,1.914773080811693,1.7507041872917402,-0.9357951634812163,1.4879046327757262,NA,9980.59,-1.5426598366100743,3285.1,2299.55,0.9715204785276313,1.0168352548992718,0.5282779389941813
2012,2007,2011,Scotch,0.0019910409763140096,early,1.0186212507600807,0.4050756113991662,28.19042902,-0.2540728214943093,1.878618147576063,-0.2749679451661205,0.9066242271565782,5324.360000000001,12591.67,0.5168595306341217,2971.96,1965.8899999999999,0.6358228681006725,-0.5219290135116352,2.0411370150315977
2013,24708,7095,Scotch,-1.2477367672216468,early,0.9954816068940625,2.23499005458738,92.14205459,1.1418261431484285,2.0095197910796174,1.9047129431811327,2.0248420215828467,NA,15543,-0.5763856235680681,2562,2298.7599999999998,2.26266513401594,-0.7663031540321126,2.0202518942337706
2014,135134,223345,Scotch,0.5024507824217405,early,0.9570308128069157,-0.47567613540750514,49.20534487,-0.8180954890066834,2.0401469153368064,1.1683626142014543,1.967047297657371,8341,12008.44,-1.543248500348534,2441.15,2202.57,2.5504059429533346,0.23707654697896982,2.176572346258332
2015,6614,1738,Scotch,-1.3364535877164008,early,0.9185800187197688,1.2523911714280642,81.604544,0.4545893787299925,2.071224846948623,0.6543858888452685,1.8259234146220442,NA,10783.27,-1.6820801957189182,2396.11,2201.82,1.9417234625088469,-0.6940169101758645,0.7906513280629321
2016,990,2141,Scotch,0.7713233454610471,early,0.8801292246326219,-0.6096348413637508,NA,-0.9167532306605438,2.071224846948623,0.09635401560140967,1.8755637851203413,1516.4,10610.6,-0.20944885578101644,1830,2151,1.4658444323431563,-1.9210176042777272,0.9666259024712036
2017,5654,21635,Scotch,1.3419491144054494,early,0.8424958636168289,0.9442861477286991,NA,0.2276765726581958,2.071224846948623,-0.1826619210205197,1.9279718741176441,NA,9382,-0.7804952068150611,1786.46,2228.9700000000003,1.6281597604616858,-1.4649147236879814,2.4269986314085066
2018,82192,119890,Scotch,0.37751668199465016,early,NA,NA,NA,NA,2.071224846948623,-0.7616724361156514,NA,526,13274,NA,1760,2249,NA,-1.908192625529038,NA
2019,1719,12079,Scotch,1.949725681222429,early,NA,NA,NA,NA,2.071224846948623,NA,NA,NA,9875,NA,1931,2396,NA,NA,NA
1948,4099,29658,Seymour,1.9789888620306768,early,-0.5521329908251326,NA,NA,NA,0.13826321035326256,-1.2945299391379828,-0.7681728292955605,NA,NA,NA,NA,NA,-1.6587256339385494,-1.3560189950400205,-1.517519770168949
1949,10772,33972,Seymour,1.1485864809684103,early,-0.5406371924870921,NA,NA,NA,0.11326008687108312,-1.1392879894385632,-0.7681728292955605,NA,NA,NA,NA,NA,-1.0057753367344635,-0.38225333586682037,-0.20621422282844457
1950,12471,161117,Seymour,2.5587248601959307,early,-0.5432907836517826,-1.0277360953001518,NA,-1.0277360953001518,0.08825696196778028,-1.1455815819939452,-0.7681728292955605,NA,NA,NA,NA,NA,-1.4189416264907213,-0.933727422060455,-0.7844155997665643
1951,24344,68818,Seymour,1.0391799260329921,early,-0.5673705613803303,-1.0392810768079217,NA,-1.0392810768079217,0.06325383848560084,-0.3651761051265939,-0.7681728292955605,NA,NA,NA,NA,NA,-0.6442548331977358,0.9492126396789108,-0.0386964759974767
1952,6428,11156,Seymour,0.5513140218899764,early,-0.5858049875474535,-0.985636432899045,0,-0.985636432899045,0.038323823277363146,-0.5057330055301221,-0.7681728292955605,NA,NA,NA,NA,NA,-1.1127558939034945,0.9480467325199391,-0.5735626740973826
1953,5947,45118,Seymour,2.026394389241775,early,-0.6425219822764203,-0.8926380575557539,0,-0.8926380575557539,-0.12843677629889771,0.07747323793526406,-0.7681728292955605,NA,NA,NA,NA,NA,-1.411563657030787,0.13564262414842812,-1.0948881489638218
1954,24876,437640,Seymour,2.8674931713669465,early,-0.6876255082335332,-0.9354212914074671,0,-0.9354212914074671,-0.2951973767278327,-2.26374319266679,-0.7681728292955605,NA,NA,NA,NA,NA,-1.5812569546092508,-0.045772529787575185,-0.15136629784277972
1955,9011,309630,Seymour,3.5369319829930514,early,-0.716260234310674,-1.1961246436143982,0,-1.196199370067259,-0.46188486831437675,-1.239985470324673,-0.7681728292955605,NA,NA,NA,NA,NA,-0.9098617337553302,-1.1706397567635132,1.0716142550755587
1956,2562,12737,Seymour,1.60372294013308,early,-0.7707994084454703,-1.0260506536535519,0,-1.0262020879424933,-0.6286454684590871,1.2375921323106547,-0.7681728292955605,158.4,75.2,NA,NA,NA,0.7612483489195353,-0.30040665330700395,1.3886441149095168
1957,14295,24321,Seymour,0.5314303488994047,early,-0.8215196993863103,-1.243129100484013,0.00557832,-1.243324894528639,-0.7954060686037974,0.8767594924687612,-0.7681728292955605,321,121.8,NA,NA,NA,-0.16099783357211353,-0.22112496649692545,0.4284685927223063
1958,78578,189334,Seymour,0.8794208891360891,early,-0.86080459589152,-1.1977173625276618,0.01130455,-1.1977173625276618,-0.8122210348503619,1.0466864914640714,-0.7681728292955605,364.6,19.6,NA,NA,NA,-0.35282503953037503,0.801608793353088,-0.22960770887802334
1959,52325,175571,Seymour,1.2105692511667285,early,-0.8899557878158436,-1.0277382308698424,0.014615997,-1.028241040853888,-0.8290360010969264,0.7592790981016329,-0.7681728292955605,NA,NA,NA,NA,NA,0.3001252576737109,1.3206706605273082,0.3587326036631307
1960,3047,8786,Seymour,1.0590020455500158,early,-0.9011386605126738,-0.4009039383276107,0,-0.4009039383276107,-0.8459240759016573,-0.9609695337027437,-0.7681728292955605,958.6,35.9,NA,NA,NA,-0.5999870164381376,0.030477798409176853,-0.12940564783714087
1961,5822,32868,Seymour,1.73085569474551,early,-0.9079886163461494,-0.6880108307824199,0.037534697,-0.6903822333010645,-0.8627390421482218,0.1865621755618831,-0.7681728292955605,NA,NA,NA,NA,NA,0.263235410374047,-0.3283884251223258,0.3893655949734609
1962,58104,173607,Seymour,1.0945596156900945,early,-1.0128337324578498,-0.5845676716929467,0,-0.5845676716929467,-0.8795540083947864,0.27257460715210197,-0.7681728292955605,1055.2,28.6,-1.6357889915180734,NA,NA,-0.5040734134590041,0.6003732177145651,-0.6826794429438852
1963,71690,113939,Seymour,0.46331194959989364,early,-1.2364423369085078,-1.0032398329857315,0.177024893,-1.0053978020452676,-0.8964420831995172,-0.3190230930537935,-0.7681728292955605,NA,NA,-1.5857313113848763,NA,NA,-0.6147429553580036,-0.6417842694539304,-1.4384123463468488
1964,2784,18498,Seymour,1.8937738756598952,early,-1.3159955051734982,-0.578362537386547,0,-0.578362537386547,-0.9132570494460818,0.027124497492209115,-0.7681728292955605,1055.4,99.7,-1.125492252296161,NA,NA,-0.7180345277970687,-0.6793264799728206,-0.6552020377074885
1965,6954,34707,Seymour,1.607624362129192,early,-1.372343328577999,-1.4555175057983287,0.161092115,-1.4574377487911836,-0.9300720156926463,-0.14699822987335584,-0.7681728292955605,NA,NA,-0.8453757922304185,NA,NA,-0.264289406011176,-0.6280265649780639,0.5764036258827916
1966,28754,141170,Seymour,1.5911879498957076,early,-1.3515245799878357,-0.3513518547881198,0,-0.3513518547881198,-0.9469600904973771,0.09006042304602774,-0.7681728292955605,1310.8,1025.9,-1.298507146737114,NA,NA,-0.14255290992227898,-0.4524409468369194,0.5552790372152273
1967,13361,220785,Seymour,2.804849361705903,early,-1.3352716886735605,-1.0470256407185208,0.14334589,-1.052941986042868,-0.9637750567439416,-0.39664406790350315,-0.7681728292955605,NA,227,-1.4546336490942944,NA,NA,-0.6258099095479038,-1.0682731082057941,-0.7083679948955908
1968,3957,22108,Seymour,1.7204533715677293,early,-1.3032893282161904,-0.8400375060194842,0,-0.8400375060194842,-0.940894898399456,1.3613661192331648,-0.7681728292955605,390,480.9,0.46396059115647137,NA,NA,-0.7512353903667667,0.1207190125135898,-0.7433288388387732
1969,7327,14617,Seymour,0.6906190797293289,early,-1.2668634991404335,-1.0412363916635416,0.441654415,-1.047688666252601,-0.917162051783302,-0.9777524471837621,-0.7681728292955605,NA,2703,-1.1688067255182115,NA,NA,-1.2566262983721919,0.1298130883535694,-2.1040698710131736
1970,11991,225899,Seymour,2.935931628329369,early,-1.2257800099930785,-1.063386182915959,0,-1.063386182915959,-0.9015296029146654,-1.4980227650953297,-0.7681728292955605,332.7,3249.4,-1.3591352593256223,NA,NA,-1.3931187333809552,-0.3134648134874875,-1.2563255514734288
1971,19028,133969,Seymour,1.9516968513333088,early,-1.2335116599525848,-1.28016271013201,0.48166146,-1.2892479751027703,-0.8857550266387149,-0.10294308198568279,-0.7681728292955605,NA,1563.03,-0.6664074358318764,NA,NA,-1.0758660466038281,-0.24910673831224725,-1.214056942570731
1972,2889,56465,Seymour,2.9727105556915356,early,-1.1865559415751636,-1.2073871990446894,0,-1.2073871990446894,-0.8695541050900313,-0.8917400155935432,-0.7681728292955605,655.8,2642.13,0.46596532834627175,NA,165.83,-1.0832440160637598,-0.17705367588779347,-0.5928032146851038
1973,2856,24381,Seymour,2.1443820959618396,early,-1.137730035428525,-1.139852724805969,0.678213849,-1.1507405266036277,-0.8534952180071893,-0.05469220572775516,-0.7681728292955605,NA,13479.29,0.6254330593531193,NA,NA,-1.4890323363600857,0.7864520002864553,-1.7542740630945783
1974,45189,247377,Seymour,1.7000597943926188,early,-1.0845145708461514,-0.6922277953870182,0,-0.6922402551541765,-0.8566216818880477,-1.07215633551449,-0.7681728292955605,1129.7,6426.54,0.03792356351798675,NA,NA,-1.3931187333809552,1.244420332330556,-1.274011454741449
1975,37024,179019,Seymour,1.575925594447877,early,-1.023722511599447,-0.8753810800410187,0.812772992,-0.888695232611001,-0.859890158917896,1.5543696242648752,-0.7681728292955605,NA,7313.1500000000005,1.666802905036693,NA,NA,-0.8065701613162677,1.5393948435504072,0.23931879949167853
1976,8489,18384,Seymour,0.7727095133505691,early,-0.9538250427343234,-0.15258252970093936,9.30121e-4,-0.15728443741321754,-0.8625379203543514,0.7320068636949781,-0.7681728292955605,1538.2,7171.98,-0.36502861163188755,NA,NA,0.4513736316023427,0.9902525716747163,-0.48674304682117353
1977,5911,69911,Seymour,2.470407982684637,early,-0.8839275738691998,-0.3334807506857395,0.993899762,-0.3644130402736091,-0.8653803781171826,-0.285457266091757,-0.7681728292955605,NA,7256.24,0.9321578493925758,NA,NA,-0.8065701613162677,-0.5072385833085913,0.3501444325098262
1978,62929,261195,Seymour,1.423260148059047,early,-0.7953647030619272,-0.20095192933398026,0.350996726,-0.23497483782920997,-0.8684090793642035,0.7152239502139598,-0.7681728292955605,1224.9,3661.65,0.0545082075426989,NA,16.32,-0.020816413833381973,-1.1659761281276264,-0.39278284471422165
1979,49321,135529,Seymour,1.0108356857197098,early,-0.6996402413810295,-0.11501939669354855,2.309091401,-0.17849357009657565,-0.8366521776092972,1.2921366011239643,-0.7681728292955605,NA,3509.29,1.6605456950200435,8.9,12.96,0.08616414333564898,-0.4615350226768989,0.8986538062796064
1980,8390,52838,Seymour,1.8401901083451258,early,-0.6019874764638267,-0.3111547225560138,2.539805717,-0.411953910668659,-0.8036369173821577,0.45928451962843064,-0.7681728292955605,1029.8,5731.63,-0.2274307408774076,82.17999999999999,34.11,-0.20526565033171174,-0.19967227477184535,-1.3338118445393503
1981,11529,30875,Seymour,0.9850811946973248,early,-0.5261110141268617,0.08475850750953755,4.738338745,-0.02907038579269715,-0.7694941425121448,0.8746616282836339,-0.7681728292955605,NA,5461.660000000001,1.762605042864426,117.32,126.13,1.0526781425868987,0.3711558702607203,0.91876510083095
1982,63306,505718,Seymour,2.0779990902902936,early,-0.4292518641676974,0.1670719755810049,7.52464633,0.04486930883398732,-0.7337818635734266,1.8103090548504046,-0.7681728292955605,1835.4,12507.16,0.23505605384835643,276.46,596.71,0.6210669291808064,0.12678172974024285,0.5102867615373122
1983,29838,269457,Seymour,2.200626073927202,early,-0.3184651027867885,0.7891503024468391,8.497312129,0.5857976981190268,-0.6967661485534836,0.7424961846206146,-0.7681728292955605,NA,22174.149999999998,1.2109378179984516,518.51,2062.9300000000003,-0.020816413833381973,0.24687016711433243,-1.1465248190195916
1984,17172,35843,Seymour,0.7358681395984605,early,-0.18722822400556066,0.40506206281564566,9.122413205,0.24660672080018975,-0.6602625256993638,1.1285031946840358,-0.7532628618976906,2120.52,26542.03,-0.5384080037437134,1310.78,2915.4,-0.2458444823613441,-0.9439874050594065,-0.7718412497837398
1985,6435,43244,Seymour,1.9051066543824349,early,-0.046497688851932846,-0.20735903492281324,15.18024551,-0.5528427761713861,-0.6224341851563696,1.9256915850324055,-0.7078782305967896,NA,27781.22,-0.3650650613989747,3795.7599999999998,1607.46,0.8424060129788026,0.3732545031468694,-0.6073455232831187
1986,128497,823037,Seymour,1.8570955993799305,early,0.0873359213927342,-0.18137388723145492,11.82867065,-0.3579086766454907,-0.5835334192519741,0.9585761956887253,-0.5697899097861789,1723.52,34939.87,0.12940275896916822,3594.9900000000002,1263.73,0.6653347459404045,0.9044418047743957,-0.3739708042603379
1987,84409,441906,Seymour,1.65542315878915,early,0.22091069145535694,0.6338510382604087,25.79031645,0.2731606638549736,-0.5428553055711597,-0.5497881534177953,-0.4119704345149142,NA,29971.14,-0.2579956930684459,3616.16,1616.29,0.22265657834441469,0.9270604036584476,0.02805971903615465
1988,17014,10843,Seymour,-0.4505168240636478,early,0.36169830858915214,0.4345553599466107,13.17829904,-0.05983161681099602,-0.5009000444609656,-0.4805586353085948,-0.362955032709941,1857.11,25524.960000000003,-0.2605666166403353,3229.8500000000004,2957.03,0.7833822572993357,0.18321163623447526,0.43545239766574567
1989,5692,18809,Seymour,1.1952737984610615,early,0.4965118858955183,1.1587743039168599,26.92548964,0.6521692992024452,-0.44997792053467894,-1.3826402349133289,-0.03978669743355723,NA,28211.5,-0.5292287373989003,3464.32,2035.8,0.3554600286232119,-0.7164023276281221,-0.14588719318351395
1990,272157,278691,Seymour,0.02372453551942615,early,0.6241638729570539,-0.08251099585694494,36.90592358,-0.2719189248833969,-0.3963193395898333,0.4676759763689398,-0.17620843506197084,3847.4,26982.07,0.96106190719667,3233.13,2706.44,1.4695334170731222,-0.1588655242078343,0.2951939226037243
1991,128253,95565,Seymour,-0.29419823135359907,early,0.755160857139653,0.758461593992771,37.81799782,0.4592861772572254,-0.3349278328633635,0.6564837530303957,-0.00612766923597089,NA,27831.460000000003,1.1587083392429707,3934.3,4199.320000000001,1.2592612874650262,-1.9242821443228484,0.9565373759303536
1992,5765,17906,Seymour,1.133330698490942,early,0.886157841322252,0.5545046711318877,14.13927726,0.005956650370639317,-0.2704812145898618,0.9984356152061438,-0.06189868501163561,4749.88,25416.940000000002,0.857055534293709,3806.4300000000003,4073.36,0.8497839824387343,-1.719315665775616,0.4404879574144207
1993,10206,8716,Seymour,-0.1578153655594062,early,0.995263243482533,1.3256573819626185,22.33340593,0.9710802653473921,-0.2029926365561487,-0.6337027208228869,0.04607209686355735,NA,22435.53,1.0923642956790587,4337.42,5912.14,0.9604535243377338,-1.1228375632456717,0.012726443451345652
1994,64038,172547,Seymour,0.991193005968136,early,1.090441034849864,0.927093875349991,40.94903857,0.5704137999517881,-0.13930215173328472,1.021512121242544,0.06005949142842524,2106.4500000000003,25623.01,-0.2930597615102905,3922.9500000000003,4603.92,1.336729966794325,-0.5382517137372397,0.34977408767449514
1995,48746,66023,Seymour,0.3033800233727545,early,1.1859818117740926,0.2447451957929584,26.46913575,-0.2211567856550677,-0.06427208830842318,0.6250157902534864,0.32334987380158736,317.40999999999997,24383.1,1.3236696576459894,4121.33,5060.41,1.3736198140939915,-1.0281659019371663,1.529459062687718
1996,21654,39470,Seymour,0.6003506947860492,early,1.2676393739530658,0.6510523126641572,26.6261213,0.15854061445412246,0.013439967579387048,1.6445777842253488,0.48950226498383714,981.99,24835.34,-0.5564731158082874,3678.94,1992.73,1.2998401194946585,0.9091054334102827,0.41225118817953266
1997,2254,1944,Seymour,-0.14795870957933718,early,1.3309252712185444,1.8154127471784849,34.77952241,1.0874900727183459,0.09696049174844101,-0.7490852510048877,0.7138957863010794,NA,18787.45,1.5703841586490674,3983.8,6255.21,-0.7401684361768666,1.5032517216222832,-1.4442842947991894
1998,34059,214222,Seymour,1.8389185456388288,early,1.3853645990476486,0.15541765121720919,36.76593431,-0.38756099883547074,0.1833683422420601,-1.4120103335051108,0.6930634965236167,1022.16,20582.04,0.45519745965257125,4491.07,6104.44,-0.23108854344147803,1.6433937621306869,0.04854780839684496
1999,18895,133899,Seymour,1.9581884476078915,early,1.4325910798055799,1.2192622028673572,54.33933313,0.5746372553915249,0.28588189972484285,0.11103906489730068,1.2585113619118928,NA,14553.88,-1.032898908964345,4156.84,6606.860000000001,-0.30855722277077685,2.4924073552939108,-0.16216105709842651
2000,25465,59563,Seymour,0.8497296155861656,early,1.4133671120122921,0.6425855638399186,40.53328563,0.2266145118685242,0.3965593977893624,-0.8518805960761249,1.740630068190318,2939.4900000000002,8046.72,-0.13267349637284354,4706.68,4629.41,-0.1978876808717774,1.929507378942353,0.32324149952097164
2001,7074,19042,Seymour,0.9902209750802108,early,1.394143144219004,1.4798645518175015,48.12116863,0.6729854238342687,0.5115566165424594,1.646675648410476,1.1825330250520891,NA,10810.640000000001,1.2404639518275022,4855.78,3745.72,0.5731101276912397,1.727105896144858,0.6887291844771556
2002,113440,507027,Seymour,1.4972901938272685,early,1.3543347252184246,0.7698970378685563,31.05218501,0.36201461484044634,0.6337270752033264,-0.048398613172373234,0.8912976139631591,4324.2,10834.58,1.1385917127875012,4785.07,5121.14,0.565732158231308,0.43271576825442837,1.3019071852412383
2003,31345,12366,Seymour,-0.9301039935895549,early,1.3298374564389737,2.145824688458584,60.23342207,1.215590527356215,0.696244159581429,0.03971168260297286,1.1228336346326744,NA,11289.27,0.08835181628323778,4511.35,5241.37,1.0563671273168644,-1.3126472487262717,2.064182065609511
2004,1323,6958,Seymour,1.6599901915969317,early,1.2997839297005322,-0.14289605738805372,30.44836984,-0.5065882895283237,0.7587950539071513,-0.06308366246826427,1.3285971368060714,1347.47,10710.57,0.44185623740250884,3646.24,3982.72,0.36283799808314365,-0.8273966891622321,0.1213843297386308
2005,4459,7893,Seymour,0.5710517650809258,early,1.2697304023332958,1.286358462947755,69.44185929,0.41562064515233116,0.8657098818256511,-0.46587358601270373,1.35978605064433,NA,11721.31,1.2160140555614731,4067.17,5687.23,-0.26060042128121014,-0.19897273047646227,-0.5871516501547972
2006,107941,1081512,Seymour,2.3045305594782386,early,1.2289016212438093,-0.07210836824573383,27.1495779,-0.6696204539747842,0.9712631669100674,-1.057471286218599,1.4441270638290864,2868.05,7991.51,0.13992580672726587,3203.2799999999997,3009.57,-1.2123584816125912,0.9802257701075592,-1.0901500429874793
2007,9979,17190,Seymour,0.5438449344925824,early,1.188072840154323,0.7683784712611401,65.00046501,0.3701949063678679,1.1387136750164895,-1.4770441232440568,1.315770398385948,NA,14500.359999999999,-1.5316398570273535,2769.27,2857.42,-0.2901122991209423,0.5530373870603122,0.01563512890347435
2008,1350,2265,Seymour,0.5174701664846593,early,1.1380550820059434,0.37520716693093153,44.60419958,-0.6258414753228656,1.317081284608051,0.04180954678810015,1.3839515067861867,2942.8500000000004,12884.98,0.44309674447571246,3018.08,3457.61,0.08247515860568312,1.6298692390866145,-0.4699485074923377
2009,5627,46948,Seymour,2.1214641657867355,early,1.0880373244863586,1.0940074410576386,29.72435139,0.6584570462446842,1.506365997105876,-1.3931295558389651,1.7403622244646078,NA,15208.710000000001,0.9843083536527012,3173.94,3141.94,-0.6922116346873024,0.6206600022806733,-0.15252602734077372
2010,552134,322850,Seymour,-0.5366029513679146,early,1.038019566337979,-0.16792067561174587,74.72815116,-0.5455560146648467,1.6272328450294486,-1.8252895779751865,1.6338794632878049,5858.38,8304.43,0.691456952462781,3280.2599999999998,3413.2,-0.8434600086159316,0.6446776897554913,-1.3454239279135205
2011,16456,17569,Seymour,0.06544583303226117,early,1.0417608946260988,3.149096120648266,32.51378041,1.914773080811693,1.7507041872917402,-0.9357951634812163,1.4879046327757262,NA,9980.59,-1.5426598366100743,3285.1,2299.55,0.9715204785276313,1.0168352548992718,0.5282779389941813
2012,824,836,Seymour,0.014458083175229917,early,1.0186212507600807,0.4050756113991662,28.19042902,-0.2540728214943093,1.878618147576063,-0.2749679451661205,0.9066242271565782,5324.360000000001,12591.67,0.5168595306341217,2971.96,1965.8899999999999,0.6358228681006725,-0.5219290135116352,2.0411370150315977
2013,23429,7799,Seymour,-1.0999790509361418,early,0.9954816068940625,2.23499005458738,92.14205459,1.1418261431484285,2.0095197910796174,1.9047129431811327,2.0248420215828467,NA,15543,-0.5763856235680681,2562,2298.7599999999998,2.26266513401594,-0.7663031540321126,2.0202518942337706
2014,114013,380310,Seymour,1.2046742326380366,early,0.9570308128069157,-0.47567613540750514,49.20534487,-0.8180954890066834,2.0401469153368064,1.1683626142014543,1.967047297657371,8341,12008.44,-1.543248500348534,2441.15,2202.57,2.5504059429533346,0.23707654697896982,2.176572346258332
2015,7897,854,Seymour,-2.224307025709011,early,0.9185800187197688,1.2523911714280642,81.604544,0.4545893787299925,2.071224846948623,0.6543858888452685,1.8259234146220442,NA,10783.27,-1.6820801957189182,2396.11,2201.82,1.9417234625088469,-0.6940169101758645,0.7906513280629321
2016,374,1609,Seymour,1.4591123495778513,early,0.8801292246326219,-0.6096348413637508,NA,-0.9167532306605438,2.071224846948623,0.09635401560140967,1.8755637851203413,1516.4,10610.6,-0.20944885578101644,1830,2151,1.4658444323431563,-1.9210176042777272,0.9666259024712036
2017,3949,12556,Seymour,1.1567362566751949,early,0.8424958636168289,0.9442861477286991,NA,0.2276765726581958,2.071224846948623,-0.1826619210205197,1.9279718741176441,NA,9382,-0.7804952068150611,1786.46,2228.9700000000003,1.6281597604616858,-1.4649147236879814,2.4269986314085066
2018,141888,56432,Seymour,-0.92200164050015,early,NA,NA,NA,NA,2.071224846948623,-0.7616724361156514,NA,526,13274,NA,1760,2249,NA,-1.908192625529038,NA
2019,1180,12079,Seymour,2.325953969145568,early,NA,NA,NA,NA,2.071224846948623,NA,NA,NA,9875,NA,1931,2396,NA,NA,NA
1948,16213,207177,Stellako,2.5477601107950076,early,-0.5521329908251326,NA,NA,NA,0.13826321035326256,-1.2945299391379828,-0.7681728292955605,NA,NA,NA,NA,NA,-1.6587256339385494,-1.3560189950400205,-1.517519770168949
1949,104835,179743,Stellako,0.5391403672693006,early,-0.5406371924870921,NA,NA,NA,0.11326008687108312,-1.1392879894385632,-0.7681728292955605,NA,NA,NA,NA,NA,-1.0057753367344635,-0.38225333586682037,-0.20621422282844457
1950,145108,934487,Stellako,1.8625194228560322,early,-0.5432907836517826,-1.0277360953001518,NA,-1.0277360953001518,0.08825696196778028,-1.1455815819939452,-0.7681728292955605,NA,NA,NA,NA,NA,-1.4189416264907213,-0.933727422060455,-0.7844155997665643
1951,96208,455341,Stellako,1.5545340745053624,early,-0.5673705613803303,-1.0392810768079217,NA,-1.0392810768079217,0.06325383848560084,-0.3651761051265939,-0.7681728292955605,NA,NA,NA,NA,NA,-0.6442548331977358,0.9492126396789108,-0.0386964759974767
1952,40466,110678,Stellako,1.0061629692864213,early,-0.5858049875474535,-0.985636432899045,0,-0.985636432899045,0.038323823277363146,-0.5057330055301221,-0.7681728292955605,NA,NA,NA,NA,NA,-1.1127558939034945,0.9480467325199391,-0.5735626740973826
1953,43688,174215,Stellako,1.3832167037834044,early,-0.6425219822764203,-0.8926380575557539,0,-0.8926380575557539,-0.12843677629889771,0.07747323793526406,-0.7681728292955605,NA,NA,NA,NA,NA,-1.411563657030787,0.13564262414842812,-1.0948881489638218
1954,141882,1207988,Stellako,2.141715718445009,early,-0.6876255082335332,-0.9354212914074671,0,-0.9354212914074671,-0.2951973767278327,-2.26374319266679,-0.7681728292955605,NA,NA,NA,NA,NA,-1.5812569546092508,-0.045772529787575185,-0.15136629784277972
1955,51746,629768,Stellako,2.4990043631230807,early,-0.716260234310674,-1.1961246436143982,0,-1.196199370067259,-0.46188486831437675,-1.239985470324673,-0.7681728292955605,NA,NA,NA,NA,NA,-0.9098617337553302,-1.1706397567635132,1.0716142550755587
1956,38459,246643,Stellako,1.858349208198494,early,-0.7707994084454703,-1.0260506536535519,0,-1.0262020879424933,-0.6286454684590871,1.2375921323106547,-0.7681728292955605,158.4,75.2,NA,NA,NA,0.7612483489195353,-0.30040665330700395,1.3886441149095168
1957,38921,151835,Stellako,1.3612604542016098,early,-0.8215196993863103,-1.243129100484013,0.00557832,-1.243324894528639,-0.7954060686037974,0.8767594924687612,-0.7681728292955605,321,121.8,NA,NA,NA,-0.16099783357211353,-0.22112496649692545,0.4284685927223063
1958,112273,339304,Stellako,1.105963055287447,early,-0.86080459589152,-1.1977173625276618,0.01130455,-1.1977173625276618,-0.8122210348503619,1.0466864914640714,-0.7681728292955605,364.6,19.6,NA,NA,NA,-0.35282503953037503,0.801608793353088,-0.22960770887802334
1959,79355,541403,Stellako,1.9202324613948354,early,-0.8899557878158436,-1.0277382308698424,0.014615997,-1.028241040853888,-0.8290360010969264,0.7592790981016329,-0.7681728292955605,NA,NA,NA,NA,NA,0.3001252576737109,1.3206706605273082,0.3587326036631307
1960,38884,164495,Stellako,1.4422973196478843,early,-0.9011386605126738,-0.4009039383276107,0,-0.4009039383276107,-0.8459240759016573,-0.9609695337027437,-0.7681728292955605,958.6,35.9,NA,NA,NA,-0.5999870164381376,0.030477798409176853,-0.12940564783714087
1961,47241,147114,Stellako,1.1359456368237753,early,-0.9079886163461494,-0.6880108307824199,0.037534697,-0.6903822333010645,-0.8627390421482218,0.1865621755618831,-0.7681728292955605,NA,NA,NA,NA,NA,0.263235410374047,-0.3283884251223258,0.3893655949734609
1962,124495,589405,Stellako,1.554847999015138,early,-1.0128337324578498,-0.5845676716929467,0,-0.5845676716929467,-0.8795540083947864,0.27257460715210197,-0.7681728292955605,1055.2,28.6,-1.6357889915180734,NA,NA,-0.5040734134590041,0.6003732177145651,-0.6826794429438852
1963,138805,726949,Stellako,1.6557862532874168,early,-1.2364423369085078,-1.0032398329857315,0.177024893,-1.0053978020452676,-0.8964420831995172,-0.3190230930537935,-0.7681728292955605,NA,NA,-1.5857313113848763,NA,NA,-0.6147429553580036,-0.6417842694539304,-1.4384123463468488
1964,31047,177643,Stellako,1.744273733015422,early,-1.3159955051734982,-0.578362537386547,0,-0.578362537386547,-0.9132570494460818,0.027124497492209115,-0.7681728292955605,1055.4,99.7,-1.125492252296161,NA,NA,-0.7180345277970687,-0.6793264799728206,-0.6552020377074885
1965,39418,243472,Stellako,1.820779381407456,early,-1.372343328577999,-1.4555175057983287,0.161092115,-1.4574377487911836,-0.9300720156926463,-0.14699822987335584,-0.7681728292955605,NA,NA,-0.8453757922304185,NA,NA,-0.264289406011176,-0.6280265649780639,0.5764036258827916
1966,101684,359073,Stellako,1.2616557452248505,early,-1.3515245799878357,-0.3513518547881198,0,-0.3513518547881198,-0.9469600904973771,0.09006042304602774,-0.7681728292955605,1310.8,1025.9,-1.298507146737114,NA,NA,-0.14255290992227898,-0.4524409468369194,0.5552790372152273
1967,91525,550236,Stellako,1.7937351180961296,early,-1.3352716886735605,-1.0470256407185208,0.14334589,-1.052941986042868,-0.9637750567439416,-0.39664406790350315,-0.7681728292955605,NA,227,-1.4546336490942944,NA,NA,-0.6258099095479038,-1.0682731082057941,-0.7083679948955908
1968,30420,129737,Stellako,1.4504090375170022,early,-1.3032893282161904,-0.8400375060194842,0,-0.8400375060194842,-0.940894898399456,1.3613661192331648,-0.7681728292955605,390,480.9,0.46396059115647137,NA,NA,-0.7512353903667667,0.1207190125135898,-0.7433288388387732
1969,49341,253114,Stellako,1.6350846016991647,early,-1.2668634991404335,-1.0412363916635416,0.441654415,-1.047688666252601,-0.917162051783302,-0.9777524471837621,-0.7681728292955605,NA,2703,-1.1688067255182115,NA,NA,-1.2566262983721919,0.1298130883535694,-2.1040698710131736
1970,45876,232938,Stellako,1.6248302192334216,early,-1.2257800099930785,-1.063386182915959,0,-1.063386182915959,-0.9015296029146654,-1.4980227650953297,-0.7681728292955605,332.7,3249.4,-1.3591352593256223,NA,NA,-1.3931187333809552,-0.3134648134874875,-1.2563255514734288
1971,39726,508771,Stellako,2.54999212837542,early,-1.2335116599525848,-1.28016271013201,0.48166146,-1.2892479751027703,-0.8857550266387149,-0.10294308198568279,-0.7681728292955605,NA,1563.03,-0.6664074358318764,NA,NA,-1.0758660466038281,-0.24910673831224725,-1.214056942570731
1972,36771,756010,Stellako,3.02334511257814,early,-1.1865559415751636,-1.2073871990446894,0,-1.2073871990446894,-0.8695541050900313,-0.8917400155935432,-0.7681728292955605,655.8,2642.13,0.46596532834627175,NA,165.83,-1.0832440160637598,-0.17705367588779347,-0.5928032146851038
1973,30755,85890,Stellako,1.0270148251178017,early,-1.137730035428525,-1.139852724805969,0.678213849,-1.1507405266036277,-0.8534952180071893,-0.05469220572775516,-0.7681728292955605,NA,13479.29,0.6254330593531193,NA,NA,-1.4890323363600857,0.7864520002864553,-1.7542740630945783
1974,41473,301299,Stellako,1.9830605140861113,early,-1.0845145708461514,-0.6922277953870182,0,-0.6922402551541765,-0.8566216818880477,-1.07215633551449,-0.7681728292955605,1129.7,6426.54,0.03792356351798675,NA,NA,-1.3931187333809552,1.244420332330556,-1.274011454741449
1975,176079,1900272,Stellako,2.3788195548377864,early,-1.023722511599447,-0.8753810800410187,0.812772992,-0.888695232611001,-0.859890158917896,1.5543696242648752,-0.7681728292955605,NA,7313.1500000000005,1.666802905036693,NA,NA,-0.8065701613162677,1.5393948435504072,0.23931879949167853
1976,150741,244207,Stellako,0.48245309396188274,early,-0.9538250427343234,-0.15258252970093936,9.30121e-4,-0.15728443741321754,-0.8625379203543514,0.7320068636949781,-0.7681728292955605,1538.2,7171.98,-0.36502861163188755,NA,NA,0.4513736316023427,0.9902525716747163,-0.48674304682117353
1977,23452,265626,Stellako,2.4271335252755084,early,-0.8839275738691998,-0.3334807506857395,0.993899762,-0.3644130402736091,-0.8653803781171826,-0.285457266091757,-0.7681728292955605,NA,7256.24,0.9321578493925758,NA,NA,-0.8065701613162677,-0.5072385833085913,0.3501444325098262
1978,60421,436545,Stellako,1.9775547361169137,early,-0.7953647030619272,-0.20095192933398026,0.350996726,-0.23497483782920997,-0.8684090793642035,0.7152239502139598,-0.7681728292955605,1224.9,3661.65,0.0545082075426989,NA,16.32,-0.020816413833381973,-1.1659761281276264,-0.39278284471422165
1979,290116,623893,Stellako,0.7656980363051978,early,-0.6996402413810295,-0.11501939669354855,2.309091401,-0.17849357009657565,-0.8366521776092972,1.2921366011239643,-0.7681728292955605,NA,3509.29,1.6605456950200435,8.9,12.96,0.08616414333564898,-0.4615350226768989,0.8986538062796064
1980,72073,755199,Stellako,2.349301796411115,early,-0.6019874764638267,-0.3111547225560138,2.539805717,-0.411953910668659,-0.8036369173821577,0.45928451962843064,-0.7681728292955605,1029.8,5731.63,-0.2274307408774076,82.17999999999999,34.11,-0.20526565033171174,-0.19967227477184535,-1.3338118445393503
1981,22021,285870,Stellako,2.5635406185041516,early,-0.5261110141268617,0.08475850750953755,4.738338745,-0.02907038579269715,-0.7694941425121448,0.8746616282836339,-0.7681728292955605,NA,5461.660000000001,1.762605042864426,117.32,126.13,1.0526781425868987,0.3711558702607203,0.91876510083095
1982,69434,355873,Stellako,1.6341972645426164,early,-0.4292518641676974,0.1670719755810049,7.52464633,0.04486930883398732,-0.7337818635734266,1.8103090548504046,-0.7681728292955605,1835.4,12507.16,0.23505605384835643,276.46,596.71,0.6210669291808064,0.12678172974024285,0.5102867615373122
1983,121739,1256351,Stellako,2.3340873577805894,early,-0.3184651027867885,0.7891503024468391,8.497312129,0.5857976981190268,-0.6967661485534836,0.7424961846206146,-0.7681728292955605,NA,22174.149999999998,1.2109378179984516,518.51,2062.9300000000003,-0.020816413833381973,0.24687016711433243,-1.1465248190195916
1984,60973,1011019,Stellako,2.808282868881828,early,-0.18722822400556066,0.40506206281564566,9.122413205,0.24660672080018975,-0.6602625256993638,1.1285031946840358,-0.7532628618976906,2120.52,26542.03,-0.5384080037437134,1310.78,2915.4,-0.2458444823613441,-0.9439874050594065,-0.7718412497837398
1985,42296,128655,Stellako,1.1124418841773454,early,-0.046497688851932846,-0.20735903492281324,15.18024551,-0.5528427761713861,-0.6224341851563696,1.9256915850324055,-0.7078782305967896,NA,27781.22,-0.3650650613989747,3795.7599999999998,1607.46,0.8424060129788026,0.3732545031468694,-0.6073455232831187
1986,77378,561822,Stellako,1.9824825712803928,early,0.0873359213927342,-0.18137388723145492,11.82867065,-0.3579086766454907,-0.5835334192519741,0.9585761956887253,-0.5697899097861789,1723.52,34939.87,0.12940275896916822,3594.9900000000002,1263.73,0.6653347459404045,0.9044418047743957,-0.3739708042603379
1987,211111,435662,Stellako,0.7244826518431836,early,0.22091069145535694,0.6338510382604087,25.79031645,0.2731606638549736,-0.5428553055711597,-0.5497881534177953,-0.4119704345149142,NA,29971.14,-0.2579956930684459,3616.16,1616.29,0.22265657834441469,0.9270604036584476,0.02805971903615465
1988,367751,991341,Stellako,0.9916524932976203,early,0.36169830858915214,0.4345553599466107,13.17829904,-0.05983161681099602,-0.5009000444609656,-0.4805586353085948,-0.362955032709941,1857.11,25524.960000000003,-0.2605666166403353,3229.8500000000004,2957.03,0.7833822572993357,0.18321163623447526,0.43545239766574567
1989,43189,222259,Stellako,1.638257535315442,early,0.4965118858955183,1.1587743039168599,26.92548964,0.6521692992024452,-0.44997792053467894,-1.3826402349133289,-0.03978669743355723,NA,28211.5,-0.5292287373989003,3464.32,2035.8,0.3554600286232119,-0.7164023276281221,-0.14588719318351395
1990,93928,950691,Stellako,2.3146605572835237,early,0.6241638729570539,-0.08251099585694494,36.90592358,-0.2719189248833969,-0.3963193395898333,0.4676759763689398,-0.17620843506197084,3847.4,26982.07,0.96106190719667,3233.13,2706.44,1.4695334170731222,-0.1588655242078343,0.2951939226037243
1991,94931,336310,Stellako,1.2648830417435089,early,0.755160857139653,0.758461593992771,37.81799782,0.4592861772572254,-0.3349278328633635,0.6564837530303957,-0.00612766923597089,NA,27831.460000000003,1.1587083392429707,3934.3,4199.320000000001,1.2592612874650262,-1.9242821443228484,0.9565373759303536
1992,97985,868186,Stellako,2.181591571687714,early,0.886157841322252,0.5545046711318877,14.13927726,0.005956650370639317,-0.2704812145898618,0.9984356152061438,-0.06189868501163561,4749.88,25416.940000000002,0.857055534293709,3806.4300000000003,4073.36,0.8497839824387343,-1.719315665775616,0.4404879574144207
1993,91443,309831,Stellako,1.220311160187102,early,0.995263243482533,1.3256573819626185,22.33340593,0.9710802653473921,-0.2029926365561487,-0.6337027208228869,0.04607209686355735,NA,22435.53,1.0923642956790587,4337.42,5912.14,0.9604535243377338,-1.1228375632456717,0.012726443451345652
1994,136847,682762,Stellako,1.607282822744655,early,1.090441034849864,0.927093875349991,40.94903857,0.5704137999517881,-0.13930215173328472,1.021512121242544,0.06005949142842524,2106.4500000000003,25623.01,-0.2930597615102905,3922.9500000000003,4603.92,1.336729966794325,-0.5382517137372397,0.34977408767449514
1995,122780,183884,Stellako,0.40391098801945796,early,1.1859818117740926,0.2447451957929584,26.46913575,-0.2211567856550677,-0.06427208830842318,0.6250157902534864,0.32334987380158736,317.40999999999997,24383.1,1.3236696576459894,4121.33,5060.41,1.3736198140939915,-1.0281659019371663,1.529459062687718
1996,332207,811978,Stellako,0.8937149775978019,early,1.2676393739530658,0.6510523126641572,26.6261213,0.15854061445412246,0.013439967579387048,1.6445777842253488,0.48950226498383714,981.99,24835.34,-0.5564731158082874,3678.94,1992.73,1.2998401194946585,0.9091054334102827,0.41225118817953266
1997,55410,125173,Stellako,0.8149366975777904,early,1.3309252712185444,1.8154127471784849,34.77952241,1.0874900727183459,0.09696049174844101,-0.7490852510048877,0.7138957863010794,NA,18787.45,1.5703841586490674,3983.8,6255.21,-0.7401684361768666,1.5032517216222832,-1.4442842947991894
1998,185697,637924,Stellako,1.2341028408528047,early,1.3853645990476486,0.15541765121720919,36.76593431,-0.38756099883547074,0.1833683422420601,-1.4120103335051108,0.6930634965236167,1022.16,20582.04,0.45519745965257125,4491.07,6104.44,-0.23108854344147803,1.6433937621306869,0.04854780839684496
1999,138151,174462,Stellako,0.23335966303315725,early,1.4325910798055799,1.2192622028673572,54.33933313,0.5746372553915249,0.28588189972484285,0.11103906489730068,1.2585113619118928,NA,14553.88,-1.032898908964345,4156.84,6606.860000000001,-0.30855722277077685,2.4924073552939108,-0.16216105709842651
2000,371604,717671,Stellako,0.6581824756200181,early,1.4133671120122921,0.6425855638399186,40.53328563,0.2266145118685242,0.3965593977893624,-0.8518805960761249,1.740630068190318,2939.4900000000002,8046.72,-0.13267349637284354,4706.68,4629.41,-0.1978876808717774,1.929507378942353,0.32324149952097164
2001,151482,287128,Stellako,0.6394613033561038,early,1.394143144219004,1.4798645518175015,48.12116863,0.6729854238342687,0.5115566165424594,1.646675648410476,1.1825330250520891,NA,10810.640000000001,1.2404639518275022,4855.78,3745.72,0.5731101276912397,1.727105896144858,0.6887291844771556
2002,322711,248328,Stellako,-0.2620067328938617,early,1.3543347252184246,0.7698970378685563,31.05218501,0.36201461484044634,0.6337270752033264,-0.048398613172373234,0.8912976139631591,4324.2,10834.58,1.1385917127875012,4785.07,5121.14,0.565732158231308,0.43271576825442837,1.3019071852412383
2003,78093,49127,Stellako,-0.4634916423186834,early,1.3298374564389737,2.145824688458584,60.23342207,1.215590527356215,0.696244159581429,0.03971168260297286,1.1228336346326744,NA,11289.27,0.08835181628323778,4511.35,5241.37,1.0563671273168644,-1.3126472487262717,2.064182065609511
2004,86738,247445,Stellako,1.0482962543630705,early,1.2997839297005322,-0.14289605738805372,30.44836984,-0.5065882895283237,0.7587950539071513,-0.06308366246826427,1.3285971368060714,1347.47,10710.57,0.44185623740250884,3646.24,3982.72,0.36283799808314365,-0.8273966891622321,0.1213843297386308
2005,175346,11594,Stellako,-2.716273441888642,early,1.2697304023332958,1.286358462947755,69.44185929,0.41562064515233116,0.8657098818256511,-0.46587358601270373,1.35978605064433,NA,11721.31,1.2160140555614731,4067.17,5687.23,-0.26060042128121014,-0.19897273047646227,-0.5871516501547972
2006,147194,488891,Stellako,1.2003881161481642,early,1.2289016212438093,-0.07210836824573383,27.1495779,-0.6696204539747842,0.9712631669100674,-1.057471286218599,1.4441270638290864,2868.05,7991.51,0.13992580672726587,3203.2799999999997,3009.57,-1.2123584816125912,0.9802257701075592,-1.0901500429874793
2007,41481,128443,Stellako,1.1302497350835392,early,1.188072840154323,0.7683784712611401,65.00046501,0.3701949063678679,1.1387136750164895,-1.4770441232440568,1.315770398385948,NA,14500.359999999999,-1.5316398570273535,2769.27,2857.42,-0.2901122991209423,0.5530373870603122,0.01563512890347435
2008,159749,279713,Stellako,0.5601602440403659,early,1.1380550820059434,0.37520716693093153,44.60419958,-0.6258414753228656,1.317081284608051,0.04180954678810015,1.3839515067861867,2942.8500000000004,12884.98,0.44309674447571246,3018.08,3457.61,0.08247515860568312,1.6298692390866145,-0.4699485074923377
2009,27627,203116,Stellako,1.9949836890027397,early,1.0880373244863586,1.0940074410576386,29.72435139,0.6584570462446842,1.506365997105876,-1.3931295558389651,1.7403622244646078,NA,15208.710000000001,0.9843083536527012,3173.94,3141.94,-0.6922116346873024,0.6206600022806733,-0.15252602734077372
2010,202803,1630689,Stellako,2.0845228393680704,early,1.038019566337979,-0.16792067561174587,74.72815116,-0.5455560146648467,1.6272328450294486,-1.8252895779751865,1.6338794632878049,5858.38,8304.43,0.691456952462781,3280.2599999999998,3413.2,-0.8434600086159316,0.6446776897554913,-1.3454239279135205
2011,85628,53701,Stellako,-0.4665807091496147,early,1.0417608946260988,3.149096120648266,32.51378041,1.914773080811693,1.7507041872917402,-0.9357951634812163,1.4879046327757262,NA,9980.59,-1.5426598366100743,3285.1,2299.55,0.9715204785276313,1.0168352548992718,0.5282779389941813
2012,137992,49547,Stellako,-1.0242739984233846,early,1.0186212507600807,0.4050756113991662,28.19042902,-0.2540728214943093,1.878618147576063,-0.2749679451661205,0.9066242271565782,5324.360000000001,12591.67,0.5168595306341217,2971.96,1965.8899999999999,0.6358228681006725,-0.5219290135116352,2.0411370150315977
2013,110048,146267,Stellako,0.28451708442308354,early,0.9954816068940625,2.23499005458738,92.14205459,1.1418261431484285,2.0095197910796174,1.9047129431811327,2.0248420215828467,NA,15543,-0.5763856235680681,2562,2298.7599999999998,2.26266513401594,-0.7663031540321126,2.0202518942337706
2014,506157,392304,Stellako,-0.25480984839956944,early,0.9570308128069157,-0.47567613540750514,49.20534487,-0.8180954890066834,2.0401469153368064,1.1683626142014543,1.967047297657371,8341,12008.44,-1.543248500348534,2441.15,2202.57,2.5504059429533346,0.23707654697896982,2.176572346258332
2015,101305,74140,Stellako,-0.31218057065552834,early,0.9185800187197688,1.2523911714280642,81.604544,0.4545893787299925,2.071224846948623,0.6543858888452685,1.8259234146220442,NA,10783.27,-1.6820801957189182,2396.11,2201.82,1.9417234625088469,-0.6940169101758645,0.7906513280629321
2016,30307,41628,Stellako,0.3173943088397068,early,0.8801292246326219,-0.6096348413637508,NA,-0.9167532306605438,2.071224846948623,0.09635401560140967,1.8755637851203413,1516.4,10610.6,-0.20944885578101644,1830,2151,1.4658444323431563,-1.9210176042777272,0.9666259024712036
2017,91391,160814,Stellako,0.5651014122911229,early,0.8424958636168289,0.9442861477286991,NA,0.2276765726581958,2.071224846948623,-0.1826619210205197,1.9279718741176441,NA,9382,-0.7804952068150611,1786.46,2228.9700000000003,1.6281597604616858,-1.4649147236879814,2.4269986314085066
2018,177252,242610,Stellako,0.31388276692937744,early,NA,NA,NA,NA,2.071224846948623,-0.7616724361156514,NA,526,13274,NA,1760,2249,NA,-1.908192625529038,NA
2019,46141,47000,Stellako,0.018445676030693425,early,NA,NA,NA,NA,2.071224846948623,NA,NA,NA,9875,NA,1931,2396,NA,NA,NA
1948,NA,131635,Weaver,NA,late,-0.5521329908251326,NA,NA,NA,0.10567326888915396,-1.2945299391379828,-0.7681728292955605,NA,NA,NA,NA,NA,-1.6587256339385494,-1.3560189950400205,-1.517519770168949
1949,NA,54928,Weaver,NA,late,-0.5406371924870921,NA,NA,NA,0.08159736285630759,-1.1392879894385632,-0.7681728292955605,NA,NA,NA,NA,NA,-1.0057753367344635,-0.38225333586682037,-0.20621422282844457
1950,NA,182836,Weaver,NA,late,-0.5432907836517826,-1.0277360953001518,NA,-1.0277360953001518,0.05752145682346147,-1.1455815819939452,-0.7681728292955605,NA,NA,NA,NA,NA,-1.4189416264907213,-0.933727422060455,-0.7844155997665643
1951,NA,116935,Weaver,NA,late,-0.5673705613803303,-1.0392810768079217,NA,-1.0392810768079217,0.0334455507906151,-0.3651761051265939,-0.7681728292955605,NA,NA,NA,NA,NA,-0.6442548331977358,0.9492126396789108,-0.0386964759974767
1952,NA,10933,Weaver,NA,late,-0.5858049875474535,-0.985636432899045,0,-0.985636432899045,0.009440041879748283,-0.5057330055301221,-0.7681728292955605,NA,NA,NA,NA,NA,-1.1127558939034945,0.9480467325199391,-0.5735626740973826
1953,NA,217870,Weaver,NA,late,-0.6425219822764203,-0.8926380575557539,0,-0.8926380575557539,-0.15113639819805155,0.07747323793526406,-0.7681728292955605,NA,NA,NA,NA,NA,-1.411563657030787,0.13564262414842812,-1.0948881489638218
1954,NA,232492,Weaver,NA,late,-0.6876255082335332,-0.9354212914074671,0,-0.9354212914074671,-0.3117128369074288,-2.26374319266679,-0.7681728292955605,NA,NA,NA,NA,NA,-1.5812569546092508,-0.045772529787575185,-0.15136629784277972
1955,NA,72378,Weaver,NA,late,-0.716260234310674,-1.1961246436143982,0,-1.196199370067259,-0.472218878768511,-1.239985470324673,-0.7681728292955605,NA,NA,NA,NA,NA,-0.9098617337553302,-1.1706397567635132,1.0716142550755587
1956,NA,21572,Weaver,NA,late,-0.7707994084454703,-1.0260506536535519,0,-1.0262020879424933,-0.6327953180252572,1.2375921323106547,-0.7681728292955605,158.4,75.2,NA,NA,NA,0.7612483489195353,-0.30040665330700395,1.3886441149095168
1957,NA,8827,Weaver,NA,late,-0.8215196993863103,-1.243129100484013,0.00557832,-1.243324894528639,-0.7933717572820035,0.8767594924687612,-0.7681728292955605,321,121.8,NA,NA,NA,-0.16099783357211353,-0.22112496649692545,0.4284685927223063
1958,NA,30715,Weaver,NA,late,-0.86080459589152,-1.1977173625276618,0.01130455,-1.1977173625276618,-0.8095631562320711,1.0466864914640714,-0.7681728292955605,364.6,19.6,NA,NA,NA,-0.35282503953037503,0.801608793353088,-0.22960770887802334
1959,NA,39208,Weaver,NA,late,-0.8899557878158436,-1.0277382308698424,0.014615997,-1.028241040853888,-0.8257545551821387,0.7592790981016329,-0.7681728292955605,NA,NA,NA,NA,NA,0.3001252576737109,1.3206706605273082,0.3587326036631307
1960,NA,4623,Weaver,NA,late,-0.9011386605126738,-0.4009039383276107,0,-0.4009039383276107,-0.8420163515278702,-0.9609695337027437,-0.7681728292955605,958.6,35.9,NA,NA,NA,-0.5999870164381376,0.030477798409176853,-0.12940564783714087
1961,NA,57472,Weaver,NA,late,-0.9079886163461494,-0.6880108307824199,0.037534697,-0.6903822333010645,-0.8582077504779378,0.1865621755618831,-0.7681728292955605,NA,NA,NA,NA,NA,0.263235410374047,-0.3283884251223258,0.3893655949734609
1962,NA,47854,Weaver,NA,late,-1.0128337324578498,-0.5845676716929467,0,-0.5845676716929467,-0.8743991494280055,0.27257460715210197,-0.7681728292955605,1055.2,28.6,-1.6357889915180734,NA,NA,-0.5040734134590041,0.6003732177145651,-0.6826794429438852
1963,NA,161915,Weaver,NA,late,-1.2364423369085078,-1.0032398329857315,0.177024893,-1.0053978020452676,-0.8906609457737371,-0.3190230930537935,-0.7681728292955605,NA,NA,-1.5857313113848763,NA,NA,-0.6147429553580036,-0.6417842694539304,-1.4384123463468488
1964,NA,24962,Weaver,NA,late,-1.3159955051734982,-0.578362537386547,0,-0.578362537386547,-0.9068523447238047,0.027124497492209115,-0.7681728292955605,1055.4,99.7,-1.125492252296161,NA,NA,-0.7180345277970687,-0.6793264799728206,-0.6552020377074885
1965,NA,204530,Weaver,NA,late,-1.372343328577999,-1.4555175057983287,0.161092115,-1.4574377487911836,-0.9230437436738723,-0.14699822987335584,-0.7681728292955605,NA,NA,-0.8453757922304185,NA,NA,-0.264289406011176,-0.6280265649780639,0.5764036258827916
1966,20416,75501,Weaver,1.3078269940379976,late,-1.3515245799878357,-0.3513518547881198,0,-0.3513518547881198,-0.9393055400196038,0.09006042304602774,-0.7681728292955605,1310.8,1025.9,-1.298507146737114,NA,NA,-0.14255290992227898,-0.4524409468369194,0.5552790372152273
1967,22617,86641,Weaver,1.3430713087413793,late,-1.3352716886735605,-1.0470256407185208,0.14334589,-1.052941986042868,-0.9554969389696714,-0.39664406790350315,-0.7681728292955605,NA,227,-1.4546336490942944,NA,NA,-0.6258099095479038,-1.0682731082057941,-0.7083679948955908
1968,4516,152420,Weaver,3.519013221950556,late,-1.3032893282161904,-0.8400375060194842,0,-0.8400375060194842,-0.9334556687727138,1.3613661192331648,-0.7681728292955605,390,480.9,0.46396059115647137,NA,NA,-0.7512353903667667,0.1207190125135898,-0.7433288388387732
1969,58946,409882,Weaver,1.9392475428290028,late,-1.2668634991404335,-1.0412363916635416,0.441654415,-1.047688666252601,-0.9105914296176851,-0.9777524471837621,-0.7681728292955605,NA,2703,-1.1688067255182115,NA,NA,-1.2566262983721919,0.1298130883535694,-2.1040698710131736
1970,11096,376646,Weaver,3.524721071263846,late,-1.2257800099930785,-1.063386182915959,0,-1.063386182915959,-0.8955263903666627,-1.4980227650953297,-0.7681728292955605,332.7,3249.4,-1.3591352593256223,NA,NA,-1.3931187333809552,-0.3134648134874875,-1.2563255514734288
1971,5623,144590,Weaver,3.2470368217299703,late,-1.2335116599525848,-1.28016271013201,0.48166146,-1.2892479751027703,-0.8803224550103932,-0.10294308198568279,-0.7681728292955605,NA,1563.03,-0.6664074358318764,NA,NA,-1.0758660466038281,-0.24910673831224725,-1.214056942570731
1972,26548,342703,Weaver,2.5579097675708242,late,-1.1865559415751636,-1.2073871990446894,0,-1.2073871990446894,-0.8647068851959931,-0.8917400155935432,-0.7681728292955605,655.8,2642.13,0.46596532834627175,NA,165.83,-1.0832440160637598,-0.17705367588779347,-0.5928032146851038
1973,50173,270440,Weaver,1.6845732288228168,late,-1.137730035428525,-1.139852724805969,0.678213849,-1.1507405266036277,-0.8492175649375396,-0.05469220572775516,-0.7681728292955605,NA,13479.29,0.6254330593531193,NA,NA,-1.4890323363600857,0.7864520002864553,-1.7542740630945783
1974,66807,278975,Weaver,1.4293143066001355,late,-1.0845145708461514,-0.6922277953870182,0,-0.6922402551541765,-0.8522270555863847,-1.07215633551449,-0.7681728292955605,1129.7,6426.54,0.03792356351798675,NA,NA,-1.3931187333809552,1.244420332330556,-1.274011454741449
1975,32011,166938,Weaver,1.6515428922673718,late,-1.023722511599447,-0.8753810800410187,0.812772992,-0.888695232611001,-0.8553598881672596,1.5543696242648752,-0.7681728292955605,NA,7313.1500000000005,1.666802905036693,NA,NA,-0.8065701613162677,1.5393948435504072,0.23931879949167853
1976,51078,295026,Weaver,1.753709611919352,late,-0.9538250427343234,-0.15258252970093936,9.30121e-4,-0.15728443741321754,-0.8573138585131588,0.7320068636949781,-0.7681728292955605,1538.2,7171.98,-0.36502861163188755,NA,NA,0.4513736316023427,0.9902525716747163,-0.48674304682117353
1977,55145,232768,Weaver,1.4400761696064137,late,-0.8839275738691998,-0.3334807506857395,0.993899762,-0.3644130402736091,-0.8593707967604911,-0.285457266091757,-0.7681728292955605,NA,7256.24,0.9321578493925758,NA,NA,-0.8065701613162677,-0.5072385833085913,0.3501444325098262
1978,76237,1355959,Weaver,2.8784173229061607,late,-0.7953647030619272,-0.20095192933398026,0.350996726,-0.23497483782920997,-0.8615144823143305,0.7152239502139598,-0.7681728292955605,1224.9,3661.65,0.0545082075426989,NA,16.32,-0.020816413833381973,-1.1659761281276264,-0.39278284471422165
1979,51403,139784,Weaver,1.0004018375200776,late,-0.6996402413810295,-0.11501939669354855,2.309091401,-0.17849357009657565,-0.8300582148953369,1.2921366011239643,-0.7681728292955605,NA,3509.29,1.6605456950200435,8.9,12.96,0.08616414333564898,-0.4615350226768989,0.8986538062796064
1980,74839,361547,Weaver,1.5750529075009827,late,-0.6019874764638267,-0.3111547225560138,2.539805717,-0.411953910668659,-0.7972753816958658,0.45928451962843064,-0.7681728292955605,1029.8,5731.63,-0.2274307408774076,82.17999999999999,34.11,-0.20526565033171174,-0.19967227477184535,-1.3338118445393503
1981,43793,267384,Weaver,1.8092118401664765,late,-0.5261110141268617,0.08475850750953755,4.738338745,-0.02907038579269715,-0.7632814436296569,0.8746616282836339,-0.7681728292955605,NA,5461.660000000001,1.762605042864426,117.32,126.13,1.0526781425868987,0.3711558702607203,0.91876510083095
1982,294543,1496883,Weaver,1.6257152224326907,late,-0.4292518641676974,0.1670719755810049,7.52464633,0.04486930883398732,-0.7276359471259796,1.8103090548504046,-0.7681728292955605,1835.4,12507.16,0.23505605384835643,276.46,596.71,0.6210669291808064,0.12678172974024285,0.5102867615373122
1983,40267,237617,Weaver,1.7751278588065074,late,-0.3184651027867885,0.7891503024468391,8.497312129,0.5857976981190268,-0.6905778979676457,0.7424961846206146,-0.7681728292955605,NA,22174.149999999998,1.2109378179984516,518.51,2062.9300000000003,-0.020816413833381973,0.24687016711433243,-1.1465248190195916
1984,60370,628287,Weaver,2.3425047756336848,late,-0.18722822400556066,0.40506206281564566,9.122413205,0.24660672080018975,-0.6538249727940986,1.1285031946840358,-0.7532628618976906,2120.52,26542.03,-0.5384080037437134,1310.78,2915.4,-0.2458444823613441,-0.9439874050594065,-0.7718412497837398
1985,39460,68199,Weaver,0.5471424013908497,late,-0.046497688851932846,-0.20735903492281324,15.18024551,-0.5528427761713861,-0.6156195696002487,1.9256915850324055,-0.7078782305967896,NA,27781.22,-0.3650650613989747,3795.7599999999998,1607.46,0.8424060129788026,0.3732545031468694,-0.6073455232831187
1986,111596,42672,Weaver,-0.9613422395712949,late,0.0873359213927342,-0.18137388723145492,11.82867065,-0.3579086766454907,-0.5761741002479737,0.9585761956887253,-0.5697899097861789,1723.52,34939.87,0.12940275896916822,3594.9900000000002,1263.73,0.6653347459404045,0.9044418047743957,-0.3739708042603379
1987,63184,219920,Weaver,1.2472127393126966,late,0.22091069145535694,0.6338510382604087,25.79031645,0.2731606638549736,-0.5348157364849999,-0.5497881534177953,-0.4119704345149142,NA,29971.14,-0.2579956930684459,3616.16,1616.29,0.22265657834441469,0.9270604036584476,0.02805971903615465
1988,49606,510599,Weaver,2.331472752168436,late,0.36169830858915214,0.4345553599466107,13.17829904,-0.05983161681099602,-0.491960756100348,-0.4805586353085948,-0.362955032709941,1857.11,25524.960000000003,-0.2605666166403353,3229.8500000000004,2957.03,0.7833822572993357,0.18321163623447526,0.43545239766574567
1989,17199,763290,Weaver,3.7927867951154726,late,0.4965118858955183,1.1587743039168599,26.92548964,0.6521692992024452,-0.4401902125751239,-1.3826402349133289,-0.03978669743355723,NA,28211.5,-0.5292287373989003,3464.32,2035.8,0.3554600286232119,-0.7164023276281221,-0.14588719318351395
1990,16816,628765,Weaver,3.62142676385363,late,0.6241638729570539,-0.08251099585694494,36.90592358,-0.2719189248833969,-0.3854824019564126,0.4676759763689398,-0.17620843506197084,3847.4,26982.07,0.96106190719667,3233.13,2706.44,1.4695334170731222,-0.1588655242078343,0.2951939226037243
1991,39216,65475,Weaver,0.5125835636080189,late,0.755160857139653,0.758461593992771,37.81799782,0.4592861772572254,-0.32300508305241754,0.6564837530303957,-0.00612766923597089,NA,27831.460000000003,1.1587083392429707,3934.3,4199.320000000001,1.2592612874650262,-1.9242821443228484,0.9565373759303536
1992,59758,752533,Weaver,2.5331417764196975,late,0.886157841322252,0.5545046711318877,14.13927726,0.005956650370639317,-0.2572517113843572,0.9984356152061438,-0.06189868501163561,4749.88,25416.940000000002,0.857055534293709,3806.4300000000003,4073.36,0.8497839824387343,-1.719315665775616,0.4404879574144207
1993,86151,500876,Weaver,1.7602569948928033,late,0.995263243482533,1.3256573819626185,22.33340593,0.9710802653473921,-0.18824792434590742,-0.6337027208228869,0.04607209686355735,NA,22435.53,1.0923642956790587,4337.42,5912.14,0.9604535243377338,-1.1228375632456717,0.012726443451345652
1994,65026,715875,Weaver,2.398718380797057,late,1.090441034849864,0.927093875349991,40.94903857,0.5704137999517881,-0.12893142937667734,1.021512121242544,0.06005949142842524,2106.4500000000003,25623.01,-0.2930597615102905,3922.9500000000003,4603.92,1.336729966794325,-0.5382517137372397,0.34977408767449514
1995,33441,266329,Weaver,2.074949694552283,late,1.1859818117740926,0.2447451957929584,26.46913575,-0.2211567856550677,-0.05858827660829853,0.6250157902534864,0.32334987380158736,317.40999999999997,24383.1,1.3236696576459894,4121.33,5060.41,1.3736198140939915,-1.0281659019371663,1.529459062687718
1996,72377,383186,Weaver,1.6666319416197228,late,1.2676393739530658,0.6510523126641572,26.6261213,0.15854061445412246,0.014455769768085656,1.6445777842253488,0.48950226498383714,981.99,24835.34,-0.5564731158082874,3678.94,1992.73,1.2998401194946585,0.9091054334102827,0.41225118817953266
1997,25523,215987,Weaver,2.1356382142612866,late,1.3309252712185444,1.8154127471784849,34.77952241,1.0874900727183459,0.09321123766549969,-0.7490852510048877,0.7138957863010794,NA,18787.45,1.5703841586490674,3983.8,6255.21,-0.7401684361768666,1.5032517216222832,-1.4442842947991894
1998,57159,566709,Weaver,2.294009086311148,late,1.3853645990476486,0.15541765121720919,36.76593431,-0.38756099883547074,0.1747900004493911,-1.4120103335051108,0.6930634965236167,1022.16,20582.04,0.45519745965257125,4491.07,6104.44,-0.23108854344147803,1.6433937621306869,0.04854780839684496
1999,34838,246911,Weaver,1.9583192027538177,late,1.4325910798055799,1.2192622028673572,54.33933313,0.5746372553915249,0.2723291170610118,0.11103906489730068,1.2585113619118928,NA,14553.88,-1.032898908964345,4156.84,6606.860000000001,-0.30855722277077685,2.4924073552939108,-0.16216105709842651
2000,6623,113743,Weaver,2.84339307797311,late,1.4133671120122921,0.6425855638399186,40.53328563,0.2266145118685242,0.38009658490642595,-0.8518805960761249,1.740630068190318,2939.4900000000002,8046.72,-0.13267349637284354,4706.68,4629.41,-0.1978876808717774,1.929507378942353,0.32324149952097164
2001,20091,196033,Weaver,2.278011058809242,late,1.394143144219004,1.4798645518175015,48.12116863,0.6729854238342687,0.49207738016552616,1.646675648410476,1.1825330250520891,NA,10810.640000000001,1.2404639518275022,4855.78,3745.72,0.5731101276912397,1.727105896144858,0.6887291844771556
2002,101051,242509,Weaver,0.8754134831992063,late,1.3543347252184246,0.7698970378685563,31.05218501,0.36201461484044634,0.6110299605030238,-0.048398613172373234,0.8912976139631591,4324.2,10834.58,1.1385917127875012,4785.07,5121.14,0.565732158231308,0.43271576825442837,1.3019071852412383
2003,49877,188776,Weaver,1.3310011523304124,late,1.3298374564389737,2.145824688458584,60.23342207,1.215590527356215,0.6725736358662384,0.03971168260297286,1.1228336346326744,NA,11289.27,0.08835181628323778,4511.35,5241.37,1.0563671273168644,-1.3126472487262717,2.064182065609511
2004,25429,114967,Weaver,1.50875487563428,late,1.2997839297005322,-0.14289605738805372,30.44836984,-0.5065882895283237,0.734182147082796,-0.06308366246826427,1.3285971368060714,1347.47,10710.57,0.44185623740250884,3646.24,3982.72,0.36283799808314365,-0.8273966891622321,0.1213843297386308
2005,48837,64094,Weaver,0.27186253350688816,late,1.2697304023332958,1.286358462947755,69.44185929,0.41562064515233116,0.8469451038492416,-0.46587358601270373,1.35978605064433,NA,11721.31,1.2160140555614731,4067.17,5687.23,-0.26060042128121014,-0.19897273047646227,-0.5871516501547972
2006,39804,249702,Weaver,1.836300797112269,late,1.2289016212438093,-0.07210836824573383,27.1495779,-0.6696204539747842,0.954383593370581,-1.057471286218599,1.4441270638290864,2868.05,7991.51,0.13992580672726587,3203.2799999999997,3009.57,-1.2123584816125912,0.9802257701075592,-1.0901500429874793
2007,37392,328603,Weaver,2.1733935574058916,late,1.188072840154323,0.7683784712611401,65.00046501,0.3701949063678679,1.1221770918210272,-1.4770441232440568,1.315770398385948,NA,14500.359999999999,-1.5316398570273535,2769.27,2857.42,-0.2901122991209423,0.5530373870603122,0.01563512890347435
2008,2813,63638,Weaver,3.118959246692422,late,1.1380550820059434,0.37520716693093153,44.60419958,-0.6258414753228656,1.3014081890122802,0.04180954678810015,1.3839515067861867,2942.8500000000004,12884.98,0.44309674447571246,3018.08,3457.61,0.08247515860568312,1.6298692390866145,-0.4699485074923377
2009,35973,230183,Weaver,1.8561059876683108,late,1.0880373244863586,1.0940074410576386,29.72435139,0.6584570462446842,1.4920768822074948,-1.3931295558389651,1.7403622244646078,NA,15208.710000000001,0.9843083536527012,3173.94,3141.94,-0.6922116346873024,0.6206600022806733,-0.15252602734077372
2010,61263,124694,Weaver,0.7106866642492252,late,1.038019566337979,-0.16792067561174587,74.72815116,-0.5455560146648467,1.6180269849119016,-1.8252895779751865,1.6338794632878049,5858.38,8304.43,0.691456952462781,3280.2599999999998,3413.2,-0.8434600086159316,0.6446776897554913,-1.3454239279135205
2011,72577,553,Weaver,-4.877045344689722,late,1.0417608946260988,3.149096120648266,32.51378041,1.914773080811693,1.747614779936623,-0.9357951634812163,1.4879046327757262,NA,9980.59,-1.5426598366100743,3285.1,2299.55,0.9715204785276313,1.0168352548992718,0.5282779389941813
2012,924,1704,Weaver,0.6120216357475768,late,1.0186212507600807,0.4050756113991662,28.19042902,-0.2540728214943093,1.8830083382595215,-0.2749679451661205,0.9066242271565782,5324.360000000001,12591.67,0.5168595306341217,2971.96,1965.8899999999999,0.6358228681006725,-0.5219290135116352,2.0411370150315977
2013,36077,93066,Weaver,0.9476533756920371,late,0.9954816068940625,2.23499005458738,92.14205459,1.1418261431484285,2.0227744002581725,1.9047129431811327,2.0248420215828467,NA,15543,-0.5763856235680681,2562,2298.7599999999998,2.26266513401594,-0.7663031540321126,2.0202518942337706
2014,24646,21621,Weaver,-0.13094955090551774,late,0.9570308128069157,-0.47567613540750514,49.20534487,-0.8180954890066834,2.05979762799273,1.1683626142014543,1.967047297657371,8341,12008.44,-1.543248500348534,2441.15,2202.57,2.5504059429533346,0.23707654697896982,2.176572346258332
2015,3032,2730,Weaver,-0.10492085858325685,late,0.9185800187197688,1.2523911714280642,81.604544,0.4545893787299925,2.0976853387894123,0.6543858888452685,1.8259234146220442,NA,10783.27,-1.6820801957189182,2396.11,2201.82,1.9417234625088469,-0.6940169101758645,0.7906513280629321
2016,300,216,Weaver,-0.3285040669720361,late,0.8801292246326219,-0.6096348413637508,NA,-0.9167532306605438,2.0976853387894123,0.09635401560140967,1.8755637851203413,1516.4,10610.6,-0.20944885578101644,1830,2151,1.4658444323431563,-1.9210176042777272,0.9666259024712036
2017,32881,220911,Weaver,1.9048649221233922,late,0.8424958636168289,0.9442861477286991,NA,0.2276765726581958,2.0976853387894123,-0.1826619210205197,1.9279718741176441,NA,9382,-0.7804952068150611,1786.46,2228.9700000000003,1.6281597604616858,-1.4649147236879814,2.4269986314085066
2018,15095,323171,Weaver,3.063818031739593,late,NA,NA,NA,NA,2.0976853387894123,-0.7616724361156514,NA,526,13274,NA,1760,2249,NA,-1.908192625529038,NA
2019,1823,36000,Weaver,2.9830354427595838,late,NA,NA,NA,NA,2.0976853387894123,NA,NA,NA,9875,NA,1931,2396,NA,NA,NA
